ts_code,name,total_mv,circ_mv
000001.SZ,平安银行,21734628.384,21734272.784
000002.SZ,万科A,3758173.4925,3060834.8085
000006.SZ,深振业A,868046.785,868040.2264
000007.SZ,全新好,311803.2,311803.2
000008.SZ,神州高铁,638348.7595,638329.795
000009.SZ,中国宝安,1622325.606,1620316.8945
000010.SZ,*ST美丽,171298.1927,130085.195
000011.SZ,深物业A,449964.2205,397489.0025
000012.SZ,南玻A,1162223.0816,748458.9412
000014.SZ,沙河股份,234300.7216,234300.7216
000016.SZ,*ST康佳A,616434.0224,408728.0128
000017.SZ,深中华A,411443.3853,263170.734
000019.SZ,深粮控股,688063.5741,248475.2208
000020.SZ,深华发A,288258.1016,184426.3772
000021.SZ,深科技,6228206.8497,6227359.4745
000025.SZ,特力A,608654.3196,554602.9596
000026.SZ,飞亚达,645164.76,579651.513
000027.SZ,深圳能源,2997155.637,2997155.637
000028.SZ,国药一致,1245258.531,1069595.3754
000029.SZ,深深房A,1916084.04,1688804.04
000030.SZ,富奥股份,715441.3344,695096.9376
000031.SZ,大悦城,921557.3595,921555.5105
000032.SZ,深桑达A,1719478.7251,1610212.3161
000034.SZ,神州数码,2626238.3868,2193348.7674
000035.SZ,中国天楹,1136703.5652,1101000.2332
000036.SZ,华联控股,551700.7491,551371.6116
000037.SZ,深南电A,550322.2538,309423.1866
000039.SZ,中集集团,4454221.7678,1900962.2646
000042.SZ,中洲控股,523222.0757,522639.9318
000045.SZ,深纺织A,504495.7128,455193.7128
000048.SZ,京基智农,961257.6764,959625.9764
000049.SZ,德赛电池,941979.9314,941725.9701
000050.SZ,深天马A,1541845.9548,1541833.8645
000055.SZ,方大集团,356526.2344,224383.6608
000056.SZ,*ST皇庭,223497.8336,170805.5763
000058.SZ,深赛格,771962.8389,617431.6038
000059.SZ,华锦股份,729345.8256,729332.328
000060.SZ,中金岭南,2740203.4325,2740168.6954
000061.SZ,农产品,1125473.0004,1017374.904
000062.SZ,深圳华强,2239291.8113,2237131.1141
000063.SZ,中兴通讯,16278369.2647,13705994.9436
000065.SZ,北方国际,1049943.7488,881365.9192
000066.SZ,中国长城,4635473.3067,4635115.0626
000068.SZ,华控赛格,272807.9765,272807.9765
000069.SZ,华侨城A,1350343.3608,1158965.1024
000070.SZ,特发信息,1131515.9487,1116315.281
000078.SZ,ST海王,439397.5911,438411.0219
000088.SZ,盐田港,2277373.6854,1385343.9366
000089.SZ,深圳机场,1330949.4055,1330925.9766
000090.SZ,天健集团,605408.7096,605371.7736
000096.SZ,广聚能源,393360.0,380581.76
000099.SZ,中信海直,1075217.3586,1075217.3586
000100.SZ,TCL科技,10213223.4384,9876455.2782
000151.SZ,中成股份,325290.1401,285455.4669
000153.SZ,丰原药业,248606.7425,245494.6475
000155.SZ,川能动力,2337249.0678,2337249.0678
000156.SZ,华数传媒,1237758.91,1135517.1012
000157.SZ,中联重科,6520995.5408,5330530.8784
000158.SZ,常山北明,2028644.5923,2015059.8204
000159.SZ,国际实业,248514.662,248505.6145
000166.SZ,申万宏源,11543414.4145,10388868.8653
000301.SZ,东方盛虹,7629362.0742,7626062.3266
000333.SZ,美的集团,64995927.8893,58644882.2298
000338.SZ,潍柴动力,22628737.7514,12980791.9575
000400.SZ,许继电气,2218559.3694,2203485.4314
000401.SZ,金隅冀东,953556.773,944656.3373
000402.SZ,金融街,714354.2461,714288.2821
000403.SZ,派林生物,945645.3991,935980.4596
000404.SZ,长虹华意,523388.9168,520931.6064
000407.SZ,胜利股份,340592.7789,338924.8476
000408.SZ,藏格矿业,12458752.4268,12458621.4003
000409.SZ,云鼎科技,575336.2266,501312.3411
000410.SZ,沈阳机床,1268905.967,944117.7657
000411.SZ,英特集团,528698.7576,527656.8024
000415.SZ,渤海租赁,2591314.4247,2259630.9241
000417.SZ,合百集团,441414.4572,440929.565
000419.SZ,通程控股,254940.2863,254940.2863
000420.SZ,吉林化纤,902404.6661,902099.0652
000421.SZ,南京公用,302142.6582,302079.8538
000422.SZ,湖北宜化,1386670.4925,1348767.2925
000423.SZ,东阿阿胶,3327099.36,3321241.56
000425.SZ,徐工机械,10259020.3533,7884486.4936
000426.SZ,兴业银锡,5548861.875,5547517.1875
000428.SZ,华天酒店,373945.842,373945.842
000429.SZ,粤高速A,3138299.9561,1956298.1799
000430.SZ,张家界,505212.4896,231227.256
000488.SZ,ST晨鸣,564759.5904,325290.2016
000498.SZ,山东路桥,760696.58,710180.422
000501.SZ,武商集团,530604.963,530122.791
000503.SZ,国新健康,702124.0425,702111.8535
000504.SZ,南华生物,250487.5329,249803.9016
000505.SZ,京粮控股,396187.859,344647.2635
000506.SZ,招金黄金,1162201.2678,1161812.457
000507.SZ,珠海港,456188.5104,447567.832
000509.SZ,华塑控股,306914.608,306913.6928
000510.SZ,新金路,945576.5688,884437.9632
000513.SZ,丽珠集团,2709004.8672,1733394.5298
000514.SZ,渝开发,312195.27,312195.27
000516.SZ,国际医学,940336.6363,926025.8116
000517.SZ,荣安地产,589025.6625,461017.484
000518.SZ,四环生物,362403.7824,362396.5664
000519.SZ,中兵红箭,1917553.743,1917553.743
000520.SZ,凤凰航运,387627.9805,387627.9805
000521.SZ,长虹美菱,498483.1192,423611.2232
000523.SZ,红棉股份,506589.306,365744.2152
000524.SZ,岭南控股,581741.0648,581531.6164
000525.SZ,红太阳,595520.5845,508074.32
000526.SZ,学大教育,402385.3522,401105.497
000528.SZ,柳工,1742347.5023,1739927.3743
000529.SZ,广弘控股,266208.4224,259867.2864
000530.SZ,冰山冷热,401369.15,285655.5492
000531.SZ,穗恒运A,594640.1423,519464.6805
000532.SZ,华金资本,353326.0075,352138.4425
000533.SZ,顺钠股份,798583.296,791747.1744
000534.SZ,万泽股份,1270813.959,1253329.772
000536.SZ,华映科技,854704.1352,853790.175
000537.SZ,绿发电力,1541788.425,1541788.425
000538.SZ,云南白药,9176462.5518,9118196.4762
000539.SZ,粤电力A,2903407.052,1413128.9557
000541.SZ,佛山照明,747923.998,599250.9783
000543.SZ,皖能电力,1752285.3309,1752285.3309
000544.SZ,中原环保,704696.8935,704696.8935
000545.SZ,金浦钛业,241774.1095,241423.7595
000546.SZ,金圆股份,324279.3411,290526.0684
000547.SZ,航天发展,2265029.5811,2251784.5987
000548.SZ,湖南投资,207174.557,207174.557
000550.SZ,江铃汽车,1398406.68,839910.384
000551.SZ,创元科技,619973.507,619735.8688
000552.SZ,甘肃能化,1359361.4418,946356.629
000553.SZ,安道麦A,1199853.077,1121192.08
000554.SZ,泰山石油,295538.3931,222409.6712
000555.SZ,神州信息,1044078.715,1042855.812
000557.SZ,西部创业,526473.2667,526307.7482
000558.SZ,天府文旅,424154.6631,423977.2334
000559.SZ,万向钱潮,3477810.9616,3476751.8912
000560.SZ,我爱我家,515854.6971,512117.5278
000561.SZ,烽火电子,624685.2309,561226.8702
000563.SZ,陕国投A,1529077.1496,1529077.1496
000564.SZ,供销大集,2455896.6088,2052903.612
000565.SZ,渝三峡A,236741.3412,236741.3412
000566.SZ,海南海药,756363.8533,755996.8548
000567.SZ,海德股份,1106299.1286,1102873.5268
000568.SZ,泸州老窖,12805542.18,12798222.87
000570.SZ,苏常柴A,342260.8625,269510.8625
000571.SZ,新大洲A,487534.0071,472929.4682
000572.SZ,海马汽车,588779.867,587926.6098
000573.SZ,粤宏远A,224036.4906,222170.6448
000576.SZ,甘化科工,288908.9146,287185.7286
000581.SZ,威孚高科,1653203.547,1357578.063
000582.SZ,北部湾港,3093496.8505,2650766.4378
000586.SZ,汇源通信,203885.76,201514.26
000589.SZ,贵州轮胎,669942.1331,665511.7117
000590.SZ,古汉医药,193492.7296,193401.668
000591.SZ,太阳能,1725944.9818,1725301.032
000592.SZ,平潭发展,1108842.1792,1099263.0376
000593.SZ,德龙汇能,615769.427,615515.6544
000595.SZ,新能股份,616013.1124,616013.1124
000596.SZ,古井贡酒,4781187.0,3695787.0
000597.SZ,东北制药,652106.2171,644006.1078
000598.SZ,兴蓉环境,2154454.2814,2154165.2648
000599.SZ,青岛双星,1104287.1298,369167.4346
000600.SZ,建投能源,1539962.1776,930903.4686
000601.SZ,韶能股份,676922.3388,666613.86
000603.SZ,盛达资源,1660756.3458,1604786.3748
000605.SZ,渤海股份,189377.6682,189377.6682
000607.SZ,华媒控股,342964.3608,298256.2558
000608.SZ,阳光股份,465696.2214,462910.5396
000609.SZ,*ST中迪,273229.4928,265736.2279
000610.SZ,*ST西旅,127133.6223,126464.3055
000612.SZ,焦作万方,1255385.9682,1254291.9012
000615.SZ,*ST美谷,532672.8246,275730.013
000617.SZ,中油资本,8697750.4208,8697750.4208
000619.SZ,海螺新材,189702.584,154800.0
000620.SZ,盈新发展,1556030.975,1238013.432
000623.SZ,吉林敖东,2128693.812,2119920.37
000625.SZ,长安汽车,7246333.9936,6043328.6094
000626.SZ,远大控股,349065.8652,347057.2235
000628.SZ,高新发展,1297799.52,708207.0024
000629.SZ,钒钛股份,2824448.1312,2824295.0976
000630.SZ,铜陵有色,8152958.672,6774937.6768
000631.SZ,顺发恒能,660100.0287,660100.0287
000632.SZ,ST三木,139655.88,139644.48
000633.SZ,合金投资,186391.4976,186389.5616
000635.SZ,英力特,238056.6944,221559.1592
000636.SZ,风华高科,4997140.4427,4997138.2832
000637.SZ,茂化实华,183516.0162,128700.0229
000639.SZ,ST西王,162993.6431,162993.4468
000650.SZ,仁和药业,754566.6898,717616.9462
000651.SZ,格力电器,22853735.4233,22529798.5193
000652.SZ,泰达股份,510766.9,510377.875
000655.SZ,金岭矿业,389352.4908,389352.4908
000656.SZ,金科股份,1313002.7184,940831.276
000657.SZ,中钨高新,12299906.5512,7842153.8182
000659.SZ,珠海中富,356139.5925,356139.5925
000661.SZ,长春高新,3246367.4208,3180132.9868
000663.SZ,永安林业,166658.5305,151619.094
000665.SZ,湖北广电,428705.3615,428694.1646
000668.SZ,荣丰控股,270923.3055,270923.3055
000669.SZ,ST金鸿,232019.4008,232019.4008
000670.SZ,盈方微,563399.0217,553079.7513
000672.SZ,上峰材料,1250520.195,1250520.195
000676.SZ,智度股份,938542.954,937976.2325
000677.SZ,ST海龙,139964.4198,139964.4198
000678.SZ,襄阳轴承,365850.9928,365850.9928
000679.SZ,大连友谊,194594.4,194594.4
000680.SZ,山推股份,1609653.1171,1410650.1378
000681.SZ,视觉中国,1174167.7224,1133202.26
000682.SZ,东方电子,1555243.32,1555095.188
000683.SZ,博源化工,2330453.3505,2095504.224
000685.SZ,中山公用,1586617.3191,1347555.0339
000686.SZ,东北证券,1844276.8852,1844276.8852
000688.SZ,国城矿业,3286192.7321,3286180.8082
000690.SZ,宝新能源,1055305.6315,1054617.077
000691.SZ,亚太实业,439323.93,292882.62
000692.SZ,惠天热电,197681.043,197681.043
000695.SZ,滨海能源,295484.055,282809.28
000697.SZ,炼石航空,1182486.7901,553181.8831
000698.SZ,ST沈化,262244.608,251428.608
000700.SZ,模塑科技,951063.9544,951063.9544
000701.SZ,厦门信达,315443.7832,315176.3952
000702.SZ,正虹科技,166380.0,127984.608
000703.SZ,恒逸石化,5846990.166,5817656.547
000705.SZ,浙江震元,212502.4188,179329.9944
000707.SZ,双环科技,249089.5272,234599.7336
000708.SZ,中信特钢,7278002.7012,7277970.2562
000709.SZ,河钢股份,2150121.1888,2149765.7792
000710.SZ,贝瑞基因,281756.5558,262635.3303
000711.SZ,ST京蓝,1464649.4226,1181118.5926
000712.SZ,锦龙股份,746368.0,746146.5053
000713.SZ,国投丰乐,447801.1395,344462.415
000715.SZ,中兴商业,248599.916,223574.398
000716.SZ,黑芝麻,335786.2863,328132.9651
000717.SZ,中南股份,523550.6496,523489.176
000718.SZ,苏宁环球,564442.3704,424420.3428
000719.SZ,中原传媒,1283097.4398,836602.965
000720.SZ,新能泰山,429733.8072,429733.8072
000721.SZ,西安饮食,351809.4659,314076.8639
000722.SZ,湖南发展,718192.9673,583446.9605
000723.SZ,美锦能源,1545629.2722,1542706.776
000725.SZ,京东方A,20670735.024,19734860.8278
000726.SZ,鲁泰A,479070.0016,345351.189
000727.SZ,冠捷科技,996504.74,996504.74
000728.SZ,国元证券,3098282.309,3098282.309
000729.SZ,燕京啤酒,3486533.2378,3104383.4879
000731.SZ,四川美丰,315574.8925,315574.8925
000733.SZ,振华科技,2162923.1682,2162631.6141
000735.SZ,罗牛山,575756.8,575448.75
000736.SZ,中交发展,298839.36,298839.36
000737.SZ,北方铜业,2498988.048,2498755.5616
000738.SZ,航发控制,2379167.856,2379167.856
000739.SZ,普洛药业,2264757.238,2263850.3135
000750.SZ,国海证券,2401201.612,2179372.704
000751.SZ,锌业股份,704414.9416,614702.7968
000752.SZ,*ST西发,208896.732,208896.732
000753.SZ,漳州发展,461038.7115,461038.7115
000755.SZ,山西高速,674962.692,674962.692
000756.SZ,新华制药,947489.424,678503.048
000757.SZ,浩物股份,190179.6459,190179.6459
000758.SZ,中色股份,1136541.24,1132152.0201
000759.SZ,中百集团,456437.4204,451781.434
000761.SZ,本钢板材,932604.5527,841804.5527
000762.SZ,西藏矿业,1117157.184,1117117.287
000766.SZ,通化金马,1549291.0041,1548510.3431
000767.SZ,晋控电力,1120006.9608,1060057.6896
000768.SZ,中航西飞,5764204.7373,5755506.222
000776.SZ,广发证券,16659096.0695,12569720.9597
000777.SZ,中核科技,651809.92,651798.36
000778.SZ,新兴铸管,1498082.9094,1471750.7112
000779.SZ,甘咨询,542455.9098,542390.091
000782.SZ,恒申新材,446964.5565,343818.8796
000783.SZ,长江证券,4623140.9444,4623140.9444
000785.SZ,居然智家,1357496.6384,1265377.0542
000786.SZ,北新建材,3351702.684,3326640.8582
000788.SZ,北大医药,308721.4732,308721.4732
000789.SZ,万年青,310993.878,310993.878
000790.SZ,华神科技,231399.8974,230990.0166
000791.SZ,甘肃能源,2478293.6072,1478812.3812
000792.SZ,盐湖股份,14281954.4474,14281827.0546
000793.SZ,*ST华闻,966666.8,586234.704
000795.SZ,英洛华,914209.3233,914207.931
000796.SZ,凯撒旅业,585382.9485,485728.0935
000797.SZ,中国武夷,359702.7118,359648.0495
000798.SZ,中水渔业,283174.6338,283157.2188
000799.SZ,酒鬼酒,1256500.443,1256381.3394
000800.SZ,一汽解放,3070879.344,3070603.0368
000801.SZ,四川九洲,1132185.7158,1131788.4634
000802.SZ,北京文化,270610.3134,270435.942
000803.SZ,山高环能,302159.9376,297942.4944
000807.SZ,云铝股份,8877970.944,8877878.016
000809.SZ,和展能源,258984.4682,258984.4682
000810.SZ,创维数字,1054729.3652,1018425.8854
000811.SZ,冰轮环境,3879596.502,3824548.7913
000812.SZ,陕西金叶,249589.296,249377.535
000813.SZ,德展健康,689947.7095,689834.2045
000815.SZ,美利云,1099906.066,1099906.066
000816.SZ,智慧农业,367541.3782,365635.3114
000818.SZ,航锦科技,810480.0,808283.5992
000819.SZ,岳阳兴长,423452.157,419459.0346
000820.SZ,*ST节能,188147.5632,86417.3679
000821.SZ,ST京机,434143.7356,421441.6076
000822.SZ,山东海化,370568.0466,370568.0466
000823.SZ,超声电子,767491.821,767462.538
000825.SZ,太钢不锈,1999382.9778,1999382.9778
000826.SZ,*ST启环,198124.0948,198096.5589
000828.SZ,东莞控股,1024963.762,1024963.762
000829.SZ,天音控股,867235.023,866413.7262
000830.SZ,鲁西化工,2380398.875,2380220.375
000831.SZ,中国稀土,4964390.9024,4964390.9024
000833.SZ,粤桂股份,1527966.591,864302.31
000837.SZ,秦川机床,923900.6574,909685.1799
000838.SZ,*ST发展,263010.4658,251850.0501
000839.SZ,国安股份,1046593.6488,1046593.6488
000848.SZ,承德露露,863940.0847,856439.0527
000850.SZ,华茂股份,377466.0,377350.16
000852.SZ,石化机械,491265.8828,488433.0746
000856.SZ,冀东装备,162986.0,162986.0
000858.SZ,五粮液,29034427.84,29033720.232
000859.SZ,国风新材,756203.9972,756160.9532
000860.SZ,顺鑫农业,792948.923,792948.923
000862.SZ,银星能源,537003.4995,367360.7535
000863.SZ,三湘印象,442762.35,436205.925
000868.SZ,安凯客车,327890.6303,327862.6056
000869.SZ,张裕A,1130453.0202,782793.1474
000875.SZ,电投绿能,1842653.5156,1697928.7352
000876.SZ,新希望,3088903.9244,3087004.459
000877.SZ,天山股份,2581108.4871,2581107.9426
000878.SZ,云南铜业,3691130.048,3049510.8576
000880.SZ,潍柴重机,979184.8168,479253.5748
000881.SZ,中广核技,594672.8911,568447.6796
000882.SZ,华联股份,377754.5687,377476.3875
000883.SZ,湖北能源,3263597.7297,2987088.9155
000885.SZ,城发环境,809660.7363,809660.7363
000886.SZ,海南高速,445961.5633,441000.2476
000887.SZ,中鼎股份,2194588.3299,2191055.7902
000888.SZ,峨眉山A,501621.2712,501621.2712
000889.SZ,中嘉博创,343618.8337,319233.1517
000890.SZ,法尔胜,277711.5818,277703.042
000892.SZ,欢瑞世纪,312932.7795,226756.8435
000893.SZ,亚钾国际,4669230.7136,4102057.2339
000895.SZ,双汇发展,8904179.284,8903018.415
000897.SZ,津滨发展,278170.8184,278165.3832
000898.SZ,鞍钢股份,1873844.26,1591495.0
000899.SZ,赣能股份,1023486.0122,1023486.0122
000900.SZ,现代投资,560078.6427,560045.4327
000901.SZ,航天科技,1102316.1334,1102305.0854
000902.SZ,新洋丰,1687617.3645,1537043.5385
000903.SZ,ST云动,332793.2368,330284.9952
000905.SZ,厦门港务,1304792.4834,627569.2296
000906.SZ,浙商中拓,376121.496,371657.094
000908.SZ,石药景峰,1103237.0976,551618.5488
000909.SZ,*ST数源,194345.1492,194343.5064
000910.SZ,大亚圣象,273151.3525,273043.319
000911.SZ,*ST广糖,167733.9962,167733.9962
000912.SZ,泸天化,553504.0,553504.0
000913.SZ,钱江摩托,580104.922,573153.1754
000915.SZ,华特达因,587000.4075,586626.912
000917.SZ,电广传媒,938422.3368,938358.1228
000919.SZ,金陵药业,383727.4165,383630.0539
000920.SZ,沃顿科技,539733.2962,539707.6012
000921.SZ,海信家电,3574326.4991,2384232.0449
000922.SZ,佳电股份,873179.3634,738060.8724
000923.SZ,河钢资源,969955.294,933061.4804
000925.SZ,众合科技,474135.2298,470477.8324
000926.SZ,福星股份,329743.6929,325654.2837
000927.SZ,中国铁物,1488387.0102,1488386.2476
000928.SZ,中钢国际,723060.9288,723052.0584
000929.SZ,兰州黄河,145640.544,145631.2928
000930.SZ,中粮科技,840968.4072,840925.6893
000931.SZ,中关村,311794.578,310926.213
000932.SZ,华菱钢铁,2569728.45,2569728.45
000933.SZ,神火股份,5645001.044,5641399.445
000935.SZ,四川双马,1691020.2645,1691020.2645
000936.SZ,华西股份,437690.3726,437628.3262
000937.SZ,冀中能源,1803522.3424,1752404.344
000938.SZ,紫光股份,11863611.4252,11863581.5596
000948.SZ,南天信息,548573.5416,547533.0651
000949.SZ,新乡化纤,947746.7428,947486.4828
000950.SZ,重药控股,914623.5054,914623.5054
000951.SZ,中国重汽,2576464.98,2576464.98
000952.SZ,广济药业,189543.9449,189540.9695
000953.SZ,中哲精化,194777.0104,194777.0104
000955.SZ,欣龙控股,202974.915,202943.9633
000957.SZ,中通客车,594682.6117,594682.6117
000958.SZ,电投产融,9890923.446,2907045.99
000959.SZ,首钢股份,3016682.3186,2898675.2786
000960.SZ,锡业股份,5087675.744,5087675.744
000962.SZ,东方钽业,2427371.3802,2315623.7754
000963.SZ,华东医药,5070053.3779,5067960.8721
000965.SZ,天保基建,340718.0863,340718.0863
000966.SZ,长源电力,1486401.945,1486401.945
000967.SZ,盈峰环境,2485799.712,2484674.542
000968.SZ,蓝焰控股,639519.2847,639519.2847
000969.SZ,安泰科技,1639860.7834,1625547.1939
000970.SZ,中科三环,1560991.9272,1560991.9272
000972.SZ,中基健康,256837.4388,256837.4388
000973.SZ,佛塑科技,2976924.7648,1171549.4952
000975.SZ,山金国际,6082925.1156,5535982.6362
000977.SZ,浪潮信息,11725786.4495,11712651.923
000978.SZ,桂林旅游,271047.3279,271041.6537
000980.SZ,众泰汽车,806807.632,806800.144
000981.SZ,山子高科,2509365.1959,2387852.3811
000983.SZ,山西焦煤,3570896.529,3570874.6398
000985.SZ,大庆华科,182273.137,182273.137
000987.SZ,越秀资本,3792952.0944,3790088.5176
000988.SZ,华工科技,10113347.1624,10108146.1706
000989.SZ,九芝堂,775483.5426,628903.3428
000990.SZ,诚志股份,1074269.95,1074269.1544
000993.SZ,闽东电力,459325.3545,459325.3545
000995.SZ,皇台酒业,179182.08,179182.08
000997.SZ,新大陆,1705043.7657,1695520.5102
000998.SZ,隆平高科,1191722.328,1065986.9966
000999.SZ,华润三九,4158880.5321,4155072.306
001201.SZ,东瑞股份,286913.592,224202.72
001202.SZ,炬申股份,204863.4848,143576.696
001203.SZ,大中矿业,4051931.4972,3451648.5798
001205.SZ,盛航股份,238012.431,210769.1238
001206.SZ,依依股份,297679.179,172051.845
001207.SZ,联科科技,438337.2588,423131.5566
001208.SZ,华菱线缆,882200.391,440489.9734
001209.SZ,洪兴股份,202281.9126,147793.4948
001210.SZ,金房能源,388142.8304,235886.3832
001211.SZ,双枪科技,187800.0,175292.7078
001212.SZ,中旗新材,709387.388,613685.911
001213.SZ,中铁特货,1559999.9844,1559999.9844
001215.SZ,千味央厨,299739.834,298941.436
001216.SZ,华瓷股份,392392.0063,176807.4995
001217.SZ,华尔泰,311625.93,308153.7897
001218.SZ,丽臣实业,273374.43,251451.06
001219.SZ,青岛食品,233200.6248,227476.21
001221.SZ,悍高集团,1520438.01,136870.209
001222.SZ,源飞宠物,261710.19,154921.2177
001223.SZ,欧克科技,403840.752,215789.532
001225.SZ,和泰机电,263070.0496,84407.6656
001226.SZ,拓山重工,285824.1276,129870.2592
001227.SZ,兰州银行,1224574.8765,906762.5
001228.SZ,永泰运,273267.7626,210123.7626
001229.SZ,魅视科技,538157.2392,276714.5024
001230.SZ,劲旅环境,325980.004,190923.1968
001231.SZ,农心科技,176133.8532,90051.4443
001233.SZ,海安集团,801358.9497,162505.7479
001234.SZ,泰慕士,204799.9856,172541.653
001236.SZ,弘业期货,734670.0162,552638.7162
001238.SZ,浙江正特,364132.356,340629.2633
001239.SZ,永达股份,264480.0,125628.0
001255.SZ,博菲电气,196116.4828,174161.6212
001256.SZ,炜冈科技,319024.3862,239163.4862
001258.SZ,立新能源,1204000.086,1203987.444
001259.SZ,利仁科技,314960.492,203490.46
001260.SZ,坤泰股份,173880.0,173880.0
001266.SZ,宏英智能,322978.5788,181188.0681
001267.SZ,汇绿生态,2440575.8815,1892002.4694
001268.SZ,联合精密,267045.1844,167166.2272
001269.SZ,欧晶科技,335567.2256,335567.2256
001270.SZ,铖昌科技,1978496.9251,1965906.8767
001277.SZ,速达股份,199424.0,119521.888
001278.SZ,一彬科技,172113.1594,118667.4619
001279.SZ,强邦新材,375200.0,93800.0
001280.SZ,中国铀业,12378068.073,1039757.8905
001282.SZ,三联锻造,329279.0592,226341.7104
001283.SZ,豪鹏科技,539598.8961,430242.8229
001285.SZ,瑞立科密,716568.7014,165032.7736
001286.SZ,陕西能源,3885000.0,1398600.0
001287.SZ,中电港,1610228.3119,1610228.3119
001288.SZ,运机集团,601942.0425,391072.975
001289.SZ,龙源电力,13542902.244,8167933.404
001296.SZ,长江材料,249069.1815,128366.0055
001298.SZ,好上好,687264.746,647389.4266
001299.SZ,美能能源,296619.1488,267034.2832
001300.SZ,三柏硕,243288.3482,243288.3482
001301.SZ,尚太科技,1906942.726,1360265.47
001306.SZ,夏厦精密,293871.425,72385.0
001308.SZ,康冠科技,1182873.384,818557.656
001309.SZ,德明利,8199107.3664,5966217.792
001311.SZ,多利科技,603878.6512,264987.3776
001313.SZ,粤海饲料,489300.0,488708.1567
001314.SZ,亿道信息,711886.294,619380.1054
001316.SZ,润贝航科,400647.7376,373398.9402
001317.SZ,三羊马,442631.8834,442195.2822
001318.SZ,阳光乳业,285203.94,285203.94
001319.SZ,铭科精技,250136.6,112268.8774
001322.SZ,箭牌家居,578363.474,469795.976
001323.SZ,慕思股份,679160.9727,485858.128
001324.SZ,长青科技,261372.0,261372.0
001325.SZ,元创股份,270166.4,67541.6
001326.SZ,联域股份,336720.0,110479.58
001328.SZ,登康口腔,547857.0316,514583.1758
001330.SZ,博纳影业,644649.411,545375.3837
001331.SZ,胜通能源,1757720.5895,1227657.889
001332.SZ,锡装股份,461737.71,200606.6265
001333.SZ,光华股份,225536.0,225536.0
001335.SZ,信凯科技,276062.8275,75227.08
001336.SZ,楚环科技,165087.248,101591.946
001337.SZ,四川黄金,1611960.0,1611960.0
001338.SZ,永顺泰,425467.7184,425467.7184
001339.SZ,智微智能,2338201.5005,1154182.9613
001356.SZ,富岭股份,490903.56,176343.1845
001358.SZ,兴欣新材,302209.6,125044.8639
001359.SZ,平安电工,1977463.62,494375.54
001360.SZ,南矿集团,286008.0,175929.1288
001366.SZ,播恩集团,169356.72,169356.72
001367.SZ,海森药业,268747.5168,214567.668
001368.SZ,通达创智,222846.794,212918.782
001369.SZ,双欣材料,1426868.0,258072.0296
001373.SZ,翔腾新材,168008.1574,102635.383
001376.SZ,百通能源,513903.5,238656.3427
001378.SZ,德冠新材,279933.9255,136212.007
001379.SZ,腾达科技,293200.0,98658.4282
001380.SZ,华纬科技,418198.8972,359338.7716
001382.SZ,新亚电缆,699576.0,106974.0
001386.SZ,马可波罗,1773261.28,159593.5152
001387.SZ,雪祺电气,201150.4096,128027.5654
001388.SZ,信通电子,494648.856,264750.9576
001389.SZ,广合科技,7126563.3565,2296932.5339
001390.SZ,古麒绒材,350800.1754,208338.8922
001391.SZ,国货航,5213192.2724,648764.158
001395.SZ,亚联机械,316873.128,145306.161
001396.SZ,誉帆科技,335780.4384,71355.3534
001400.SZ,江顺科技,561960.0,309288.735
001696.SZ,宗申动力,1647693.7091,1282703.1589
001872.SZ,招商港口,5291940.1756,4908403.1828
001896.SZ,豫能控股,2059804.755,2059804.755
001914.SZ,招商积余,938864.4309,938861.0451
001965.SZ,招商公路,7134849.75,7134849.75
001979.SZ,招商蛇口,6257126.3468,6155581.3078
002001.SZ,新和成,8971317.9423,8864564.8581
002003.SZ,伟星股份,1256656.4129,1080360.6513
002004.SZ,华邦健康,847405.4176,806061.9872
002005.SZ,德豪润达,387285.9029,387186.3203
002006.SZ,精工科技,673132.453,673132.453
002007.SZ,华兰生物,2367921.227,2040885.4007
002008.SZ,大族激光,9695775.2178,9009501.9258
002009.SZ,天奇股份,654835.6496,576389.4928
002010.SZ,传化智联,1265926.1522,1262854.85
002011.SZ,盾安环境,1102413.7098,1089114.903
002012.SZ,凯恩股份,257661.6505,257661.6505
002014.SZ,永新股份,663328.6194,652717.9269
002015.SZ,协鑫能科,2285641.0368,2285641.0368
002016.SZ,世荣兆业,334965.5784,334965.5784
002017.SZ,东信和平,757463.6295,757012.0995
002019.SZ,亿帆医药,1213957.3048,840833.2684
002020.SZ,京新药业,1171860.6051,985320.8563
002021.SZ,中捷资源,291696.4612,291686.8476
002022.SZ,科华生物,258206.2602,258169.564
002023.SZ,海特高新,659365.667,653402.667
002024.SZ,ST易购,1093242.5768,1084761.8106
002025.SZ,航天电器,2797670.0076,2796754.9506
002026.SZ,山东威达,422029.5602,421993.1562
002027.SZ,分众传媒,7726576.8395,7726576.8395
002028.SZ,思源电气,12621342.1824,9851071.104
002029.SZ,七匹狼,554853.5732,523674.522
002030.SZ,达安基因,762071.178,762071.178
002031.SZ,巨轮智能,1024918.3962,891747.1996
002032.SZ,苏泊尔,3318570.1818,3317059.5309
002033.SZ,丽江股份,466517.6043,466508.6898
002034.SZ,旺能环境,721831.5764,718822.7178
002035.SZ,华帝股份,403483.1612,372249.9452
002036.SZ,联创电子,,
002037.SZ,保利联合,295652.8796,295652.8796
002038.SZ,双鹭药业,564015.15,467699.3037
002039.SZ,黔源电力,822194.2263,822191.9187
002040.SZ,南京港,388374.2446,388374.2446
002041.SZ,登海种业,741840.0,741840.0
002042.SZ,华孚时尚,613945.9854,613945.9854
002043.SZ,兔宝宝,1065404.778,1036859.9172
002044.SZ,美年健康,1745757.2394,1727905.5096
002045.SZ,国光电器,433674.5472,433089.8979
002046.SZ,国机精工,2525995.3299,2497668.558
002047.SZ,宝鹰股份,492780.8275,492751.6425
002048.SZ,宁波华翔,1483079.5738,1293118.9678
002049.SZ,紫光国微,5381517.4734,5380791.2018
002050.SZ,三花智控,14972113.4562,13132738.11
002051.SZ,中工国际,1081758.0942,1081695.2958
002052.SZ,同洲电子,659889.6169,604592.5744
002053.SZ,云南能投,859040.5302,859034.4657
002054.SZ,德美化工,316749.8178,252296.0811
002055.SZ,ST得润,321588.68,316002.68
002056.SZ,横店东磁,3404708.4253,3401191.1388
002057.SZ,中钢天源,587275.4023,586831.5281
002058.SZ,威尔泰,219189.0024,218669.024
002059.SZ,云南旅游,437371.8768,424675.9152
002060.SZ,广东建工,1216423.4292,506351.9628
002061.SZ,浙江交科,930389.504,914896.5408
002062.SZ,宏润建设,903207.757,821031.73
002063.SZ,远光软件,1024778.0015,946501.7235
002064.SZ,华峰化学,5448873.2022,5437285.6788
002065.SZ,东华软件,2192549.8932,1989018.3744
002066.SZ,瑞泰科技,490250.909,482097.0
002067.SZ,景兴纸业,626812.9075,568481.6575
002068.SZ,黑猫股份,544155.448,543884.682
002069.SZ,獐子岛,217600.3332,217326.1572
002072.SZ,凯瑞德,251125.44,251024.2194
002073.SZ,软控股份,563410.87,557705.995
002074.SZ,国轩高科,4907017.2112,4696137.9296
002075.SZ,沙钢股份,770032.7154,770031.4869
002076.SZ,星光股份,210733.655,198031.338
002077.SZ,大港股份,680748.7905,680748.7905
002078.SZ,太阳纸业,4038103.2195,4013277.2525
002079.SZ,苏州固锝,809461.6702,722711.999
002080.SZ,中材科技,7845227.83,7845227.83
002081.SZ,金螳螂,971848.4742,967793.0844
002082.SZ,ST万邦,613524.1673,569551.2431
002083.SZ,孚日股份,1022370.133,1022370.133
002084.SZ,海鸥住工,217074.8496,216565.8768
002085.SZ,万丰奥威,2140283.88,2140283.88
002086.SZ,东方海洋,346733.5305,279887.4627
002088.SZ,鲁阳节能,357117.5802,354681.1846
002090.SZ,金智科技,355311.8877,353193.3769
002091.SZ,江苏国泰,1227306.7612,1208188.5634
002092.SZ,中泰化学,1124068.463,1117786.747
002093.SZ,国脉科技,667972.5,667972.5
002094.SZ,青岛金王,304685.7975,304489.9935
002095.SZ,生意宝,340919.28,339554.6316
002096.SZ,易普力,1135003.332,1135001.4105
002097.SZ,山河智能,750082.8754,748695.2514
002098.SZ,浔兴股份,230552.0,230552.0
002099.SZ,海翔药业,844969.3621,843992.1781
002100.SZ,天康生物,952945.547,952945.547
002101.SZ,广东鸿图,567376.488,566853.6432
002102.SZ,ST能特,571869.7908,492018.6117
002103.SZ,广博股份,330714.987,240255.9364
002104.SZ,恒宝股份,707641.8498,599101.8984
002105.SZ,信隆健康,186783.42,185880.21
002106.SZ,莱宝高科,672642.8386,671772.0825
002107.SZ,沃华医药,344016.9216,340552.2544
002108.SZ,沧州明珠,702302.8358,702047.2358
002109.SZ,ST兴化,324172.5546,324172.5546
002110.SZ,三钢闽光,733581.0124,733581.0124
002111.SZ,威海广泰,496898.3674,456493.9944
002112.SZ,三变科技,432961.2736,385781.1712
002114.SZ,罗平锌电,204062.3712,204059.5948
002115.SZ,三维通信,871050.3586,807460.0284
002116.SZ,中国海诚,385118.5481,378221.2447
002117.SZ,东港股份,406931.217,406794.9312
002119.SZ,康强电子,825624.8,825624.8
002120.SZ,韵达股份,1959860.0788,1903027.8124
002121.SZ,科陆电子,801151.7412,676182.7804
002122.SZ,ST汇洲,472354.1416,469101.92
002123.SZ,梦网科技,661251.9546,591556.8541
002124.SZ,天邦食品,484381.5684,429932.7548
002125.SZ,湘潭电化,739689.4075,739689.4075
002126.SZ,银轮股份,3298368.574,3097099.5125
002127.SZ,南极电商,743825.7321,604404.0981
002128.SZ,电投能源,8160105.231,5850506.835
002129.SZ,TCL中环,3456864.009,3453909.129
002130.SZ,沃尔核材,2175424.9605,1782363.8027
002131.SZ,利欧股份,2735798.5948,2365338.594
002132.SZ,恒星科技,566224.0588,565271.3056
002133.SZ,广宇集团,189665.329,188618.199
002134.SZ,天津普林,485722.8802,485409.3252
002135.SZ,东南网架,651465.14,609621.3064
002136.SZ,安纳达,255873.8,255202.402
002137.SZ,实益达,410028.479,281485.251
002138.SZ,顺络电子,3360734.6744,3153090.7496
002139.SZ,拓邦股份,1184493.155,1017535.31
002140.SZ,东华科技,615972.093,615056.418
002141.SZ,贤丰控股,591872.2134,591872.2134
002142.SZ,宁波银行,21012625.9256,20999424.7622
002144.SZ,宏达高科,171636.4846,133650.0907
002145.SZ,钛能化学,1732035.851,1731945.8065
002146.SZ,荣盛发展,473949.8651,426355.8326
002148.SZ,北纬科技,334692.0287,270098.4444
002149.SZ,西部材料,1604272.1898,1604025.7398
002150.SZ,正泰电源,766846.2,761822.0625
002151.SZ,北斗星通,1492462.0641,1217298.7099
002152.SZ,广电运通,2401431.2643,2400223.2879
002153.SZ,石基信息,2180625.8462,1278211.2762
002154.SZ,报喜鸟,541412.8027,437695.8943
002155.SZ,湖南黄金,3486275.086,3486275.086
002156.SZ,通富微电,10471418.61,10470420.18
002157.SZ,正邦科技,2654796.6375,2235061.6918
002158.SZ,汉钟精机,1398303.5215,1395277.182
002159.SZ,三特索道,224995.4766,175721.7294
002160.SZ,常铝股份,385227.3876,384462.1035
002161.SZ,远望谷,391331.7175,391253.3726
002162.SZ,悦心健康,364201.5564,363723.6636
002163.SZ,海南发展,655687.3304,623553.9464
002164.SZ,宁波东力,550267.5944,496087.4979
002165.SZ,红宝丽,483072.2586,478022.8194
002166.SZ,莱茵生物,480562.8912,478603.3392
002167.SZ,东方锆业,1192222.2087,1167659.307
002168.SZ,ST惠程,283082.9874,283082.9874
002169.SZ,智光电气,853147.469,826954.66
002170.SZ,芭田股份,1096547.706,891428.411
002171.SZ,楚江新材,1457398.2342,1449139.867
002172.SZ,澳洋健康,241971.4068,241784.4612
002173.SZ,创新医疗,1004363.0668,957888.74
002174.SZ,游族网络,1095428.5862,1094811.562
002175.SZ,*ST东智,303873.8066,303873.8066
002176.SZ,江特电机,1354822.5113,1352845.4513
002177.SZ,御银股份,419416.4063,371880.369
002178.SZ,延华智能,311210.861,311049.2584
002179.SZ,中航光电,6911910.5733,6899351.7882
002180.SZ,奔图科技,2373115.8841,2270319.8375
002181.SZ,粤传媒,934651.851,913302.3655
002182.SZ,宝武镁业,1115765.4375,973693.4625
002183.SZ,怡亚通,1155669.0495,1155662.3745
002184.SZ,海得控制,331145.8044,226188.5464
002185.SZ,华天科技,5806021.0572,5804672.6195
002186.SZ,全聚德,277457.1264,277348.6464
002187.SZ,广百股份,348344.6162,348344.6162
002188.SZ,中天服务,149813.5862,117872.254
002189.SZ,中光学,491054.684,490980.612
002190.SZ,成飞集成,815032.9696,815032.9696
002191.SZ,劲嘉股份,528828.0712,524615.597
002192.SZ,融捷股份,1669582.936,1666126.168
002193.SZ,ST如意,98405.0656,98404.5016
002194.SZ,武汉凡谷,587625.874,439355.854
002195.SZ,岩山科技,3870248.7324,3835614.2122
002196.SZ,方正电机,498351.2595,490852.452
002197.SZ,证通电子,409165.6914,355644.0
002198.SZ,ST嘉应,160880.6383,160871.2234
002199.SZ,东晶电子,296269.4008,281044.3657
002200.SZ,交投生态,287367.0072,124677.462
002201.SZ,九鼎新材,494591.9517,456935.6088
002202.SZ,金风科技,7598595.8713,6050945.6749
002203.SZ,海亮股份,3847857.1487,3714185.2427
002204.SZ,大连重工,1010106.51,1010106.51
002205.SZ,国统股份,176365.1968,176365.1968
002206.SZ,海利得,614712.3888,559137.659
002207.SZ,*ST准油,139151.4174,138491.1189
002208.SZ,合肥城建,1020984.0049,1020704.8933
002209.SZ,达意隆,213324.8943,164636.2984
002210.SZ,飞马国际,590793.6594,589469.4516
002211.SZ,ST宏达,179909.9328,179909.9328
002212.SZ,天融信,707672.3274,700106.3598
002213.SZ,大为股份,638817.1521,555864.4304
002214.SZ,*ST大立,793826.7402,634380.5442
002215.SZ,诺普信,882743.4852,710286.498
002216.SZ,三全食品,1149093.6187,824066.6368
002217.SZ,ST合力泰,1047115.846,1019105.136
002218.SZ,拓日新能,567544.9403,559234.1534
002219.SZ,新里程,731807.4004,693636.7368
002221.SZ,东华能源,841652.2452,780115.2066
002222.SZ,福晶科技,2746260.0,2734005.928
002223.SZ,鱼跃医疗,2696662.939,2534769.0281
002224.SZ,三力士,305817.4596,273362.9556
002225.SZ,濮耐股份,403415.2416,330120.4908
002226.SZ,江南化工,1252940.5317,1252938.2613
002227.SZ,*ST特迅,145957.8518,144856.7752
002228.SZ,合兴包装,364015.68,362796.51
002229.SZ,鸿博股份,493214.351,490197.2628
002230.SZ,科大讯飞,9562679.847,8718258.3881
002232.SZ,启明信息,561754.1875,561754.1875
002233.SZ,塔牌集团,851259.1125,850622.78
002234.SZ,民和股份,238339.8166,205862.0738
002235.SZ,安妮股份,445111.5264,425148.1344
002236.SZ,大华股份,5351782.0577,3914274.899
002237.SZ,恒邦股份,1831792.0824,1527408.036
002238.SZ,天威视讯,467089.4544,467089.4544
002239.SZ,奥特佳,878762.225,670591.4
002240.SZ,盛新锂能,2605841.7333,2599051.0689
002241.SZ,歌尔股份,8116939.6417,7187948.152
002242.SZ,九阳股份,689004.351,687802.1871
002243.SZ,力合科创,820789.6476,816408.4794
002244.SZ,滨江集团,2769185.071,2454218.877
002245.SZ,蔚蓝锂芯,2742469.188,2580199.2113
002246.SZ,北化股份,1068970.7556,1068970.7556
002247.SZ,聚力文化,175279.2406,132569.3842
002248.SZ,华东数控,252761.3832,252761.3832
002249.SZ,大洋电机,1729357.9571,1306507.3966
002250.SZ,联化科技,1396603.3616,1389002.4416
002251.SZ,步步高,975997.9911,781347.3723
002252.SZ,上海莱士,3329299.8069,3327071.2419
002253.SZ,川大智胜,197197.2114,183495.426
002254.SZ,泰和新材,977554.3736,976457.6892
002255.SZ,海陆重工,673013.61,516757.482
002256.SZ,兆新股份,665247.3686,656677.0894
002258.SZ,利尔化学,1124614.266,1122803.6425
002259.SZ,升达林业,267076.5465,267076.5465
002261.SZ,拓维信息,3352775.311,3049786.6849
002262.SZ,恩华药业,2161593.8486,1880675.977
002263.SZ,大东南,539089.3487,539085.0437
002264.SZ,新华都,451321.6851,408119.2357
002265.SZ,建设工业,1903893.4572,1903893.4572
002266.SZ,浙富控股,2333014.3158,2164635.5844
002267.SZ,陕天然气,799582.2126,799582.2126
002268.SZ,电科网安,1188118.7205,1187582.5725
002269.SZ,美邦服饰,339187.5,316403.4285
002270.SZ,华明装备,1753017.078,1752988.9116
002271.SZ,东方雨虹,2735061.3855,2192093.2255
002272.SZ,川润股份,697738.4347,587303.5309
002273.SZ,水晶光电,3629550.042,3555024.624
002274.SZ,华昌化工,520943.4362,513003.4577
002275.SZ,桂林三金,771477.5718,731476.239
002276.SZ,万马股份,978720.9872,974863.7008
002277.SZ,友阿股份,741699.9296,741699.9296
002278.SZ,神开股份,294183.7503,271612.4327
002279.SZ,久其软件,557847.8643,514688.0471
002281.SZ,光迅科技,14368973.3573,13537769.1914
002282.SZ,博深股份,297136.8576,284822.6508
002283.SZ,天润工业,912705.1371,803264.0265
002284.SZ,亚太股份,667407.5709,659993.1282
002285.SZ,世联行,406537.1364,402948.654
002286.SZ,保龄宝,281563.2534,273939.9936
002287.SZ,奇正藏药,1159111.4732,1156735.3804
002289.SZ,宇顺电子,916429.599,897390.024
002290.SZ,禾盛新材,1318469.2936,1313600.0754
002291.SZ,遥望科技,454473.3744,422394.8958
002292.SZ,奥飞娱乐,1171130.16,806163.717
002293.SZ,罗莱生活,954420.654,946473.258
002294.SZ,信立泰,3665516.652,3664692.0216
002295.SZ,精艺股份,197986.64,197837.33
002296.SZ,辉煌科技,339714.1088,302866.8768
002297.SZ,博云新材,953646.3872,953646.3872
002298.SZ,中电鑫龙,589868.3873,526623.329
002299.SZ,圣农发展,1972276.4661,1933917.7239
002300.SZ,太阳电缆,510689.9259,510662.565
002301.SZ,齐心集团,493773.3878,489669.3164
002302.SZ,西部建设,566797.0807,566797.0807
002303.SZ,美盈森,701346.2546,442831.5438
002304.SZ,洋河股份,6043857.7412,6043714.914
002305.SZ,*ST南置,329501.002,329479.627
002306.SZ,ST云网,148729.3875,138969.7409
002307.SZ,北新路桥,483092.247,477333.039
002309.SZ,中利集团,1013583.2398,810866.5851
002310.SZ,东方新能,1589820.383,1165737.5175
002311.SZ,海大集团,7955313.7445,7947650.6488
002312.SZ,川发龙蟒,1546033.8348,1542847.9248
002313.SZ,日海智能,290534.4,290513.9912
002314.SZ,南山控股,557803.195,275694.744
002315.SZ,焦点科技,1035553.2237,660175.2963
002316.SZ,亚联发展,156461.76,135612.53
002317.SZ,众生药业,2251465.8945,2017524.4926
002318.SZ,久立特材,1936752.367,1890877.7462
002319.SZ,乐通股份,216385.0925,216385.0925
002320.SZ,海峡股份,1439853.912,1439853.912
002321.SZ,华英农业,394584.6685,392915.2285
002322.SZ,理工能科,370279.864,355967.8961
002323.SZ,*ST雅博,275711.163,275663.817
002324.SZ,普利特,969957.2536,676912.672
002326.SZ,永太科技,1713336.3819,1497421.7434
002327.SZ,富安娜,536177.0597,315702.3262
002328.SZ,新朋股份,496248.11,367018.7416
002329.SZ,皇氏集团,268866.492,210464.5067
002330.SZ,得利斯,233796.0304,233734.9056
002331.SZ,皖通科技,282322.0582,264969.7974
002332.SZ,仙琚制药,829942.9111,826057.3343
002333.SZ,罗普斯金,353660.5952,349250.978
002334.SZ,英威腾,517503.8374,462322.6071
002335.SZ,科华数据,2165157.848,1893438.589
002337.SZ,赛象科技,251927.5196,251662.502
002338.SZ,奥普光电,1037280.0,1037280.0
002339.SZ,积成电子,357401.4407,339412.8345
002340.SZ,格林美,3316533.805,3299388.235
002342.SZ,巨力索具,702720.0,698833.08
002343.SZ,慈文传媒,220261.3395,220261.3395
002344.SZ,海宁皮城,470720.439,470226.1267
002345.SZ,潮宏基,924941.7207,902785.8054
002346.SZ,柘中股份,739638.795,656790.1125
002347.SZ,泰尔股份,270520.4328,264453.2344
002348.SZ,高乐股份,992146.0608,902629.467
002349.SZ,精华制药,556024.8327,544687.0221
002350.SZ,北京科锐,787465.1928,770358.7452
002351.SZ,漫步者,881105.037,516367.2888
002352.SZ,顺丰控股,18207435.4098,16595340.7074
002353.SZ,杰瑞股份,13916248.0336,9392596.6512
002354.SZ,天娱数科,1030806.9534,1012807.2374
002355.SZ,兴民智通,285441.4297,263957.1809
002356.SZ,鹏飞绿能,335681.152,335679.232
002357.SZ,富临运业,260195.953,260186.574
002358.SZ,森源电气,512296.107,512295.3907
002360.SZ,ST同德,195262.2612,158202.5742
002361.SZ,神剑股份,896826.005,762904.917
002362.SZ,汉王科技,358614.8982,304540.2513
002363.SZ,隆基机械,252638.5518,251949.4692
002364.SZ,中恒电气,2029397.565,2009731.7838
002365.SZ,永安药业,384560.6625,320101.4925
002366.SZ,融发核电,1196539.143,1063955.1744
002367.SZ,康力电梯,412434.3718,410795.6369
002368.SZ,太极股份,860682.4253,856520.9199
002369.SZ,卓翼科技,303888.5768,303485.076
002370.SZ,亚太药业,356429.065,356429.065
002371.SZ,北方华创,51886777.8,51845354.132
002372.SZ,伟星新材,1329351.73,1228166.263
002373.SZ,千方科技,1189881.7146,1037328.3573
002374.SZ,中锐股份,330988.8365,330988.8365
002375.SZ,亚厦股份,464978.7855,459911.6486
002376.SZ,新北洋,500117.0625,485661.3078
002377.SZ,国创高新,229081.3,218105.675
002378.SZ,章源钨业,2658737.3701,2644803.6582
002379.SZ,宏桥控股,25202182.5988,2197746.9292
002380.SZ,科远智慧,640777.839,379684.68
002381.SZ,双箭股份,208258.4174,162945.409
002382.SZ,蓝帆医疗,571303.9269,565748.1774
002383.SZ,合众思壮,493820.3201,493820.3201
002384.SZ,东山精密,34930586.6325,26438541.1407
002385.SZ,大北农,1281423.4124,1032152.0273
002386.SZ,天原股份,738033.849,737896.3515
002387.SZ,维信诺,958202.056,956945.1668
002388.SZ,新亚制程,269648.3328,267235.7952
002389.SZ,航天彩虹,1782697.96,1782417.772
002390.SZ,信邦制药,571492.4586,566770.4658
002391.SZ,长青股份,329343.4482,230262.9732
002392.SZ,北京利尔,834534.1209,811440.1666
002393.SZ,力生制药,432240.9368,420003.5312
002394.SZ,联发股份,275145.0,274653.105
002395.SZ,双象股份,313804.53,313777.386
002396.SZ,星网锐捷,2154650.6152,2145756.9783
002397.SZ,梦洁股份,252750.1132,218972.6578
002398.SZ,垒知集团,262234.3752,228501.1686
002399.SZ,海普瑞,1398333.2786,1188583.2201
002400.SZ,省广集团,1066922.3052,1056412.7352
002401.SZ,中远海科,436710.37,436335.6625
002402.SZ,和而泰,1820924.094,1614039.7992
002403.SZ,爱仕达,284433.231,248129.8525
002404.SZ,嘉欣丝绸,315308.9945,256470.9342
002405.SZ,四维图新,1500295.9614,1491194.7507
002406.SZ,远东传动,464423.1636,383007.4044
002407.SZ,多氟多,4071279.15,3689384.166
002408.SZ,齐翔腾达,1404380.991,1359038.0154
002409.SZ,雅克科技,7920863.0468,5301173.2961
002410.SZ,广联达,1452059.0397,1380134.0736
002412.SZ,汉森制药,352240.0,348491.5
002413.SZ,雷科防务,1039640.4716,1020799.234
002414.SZ,高德红外,5876532.8736,4676490.6624
002415.SZ,海康威视,33121845.601,32692582.6318
002416.SZ,爱施德,1133942.847,1119872.4345
002418.SZ,康盛股份,385239.6,385238.583
002419.SZ,天虹股份,504435.4172,504427.9474
002420.SZ,毅昌科技,212636.93,209233.5707
002421.SZ,达实智能,593762.876,560945.616
002422.SZ,科伦药业,7191921.8052,5871026.2083
002423.SZ,中粮资本,2080607.3568,2080607.3568
002424.SZ,ST百灵,634509.6736,522952.5852
002425.SZ,凯撒文化,247776.235,238328.1481
002426.SZ,胜利精密,837045.9714,837039.5754
002427.SZ,尤夫股份,399100.284,398729.79
002428.SZ,云南锗业,4646295.68,4645695.2584
002429.SZ,兆驰股份,3386151.5688,3384200.7848
002430.SZ,杭氧股份,2218919.7996,2217962.7036
002431.SZ,ST棕榈,234312.624,234312.624
002432.SZ,九安医疗,3122886.6843,3118720.361
002434.SZ,万里扬,704866.2,704179.0011
002436.SZ,兴森科技,5461051.1579,4877110.4748
002437.SZ,誉衡药业,642202.0416,604844.3232
002438.SZ,江苏神通,620210.825,572972.2154
002439.SZ,启明星辰,1648715.6722,991623.5112
002440.SZ,闰土股份,1393759.876,1173485.656
002441.SZ,众业达,425288.5516,311270.7521
002442.SZ,龙星科技,235578.8916,230027.0544
002443.SZ,金洲管道,409661.4385,409661.4385
002444.SZ,巨星科技,3522516.2118,3381703.821
002445.SZ,中南文化,686839.5964,683862.434
002446.SZ,盛路通信,686561.775,635832.975
002448.SZ,中原内配,715506.0736,705899.552
002449.SZ,国星光电,378508.0464,378508.0464
002451.SZ,摩恩电气,303180.96,302134.512
002452.SZ,长高电气,656931.6939,545645.8317
002453.SZ,华软科技,330633.4504,245278.7128
002454.SZ,松芝股份,414922.7392,414111.0408
002455.SZ,百川股份,458763.6875,419615.62
002456.SZ,欧菲光,2387710.0816,2265931.045
002457.SZ,青龙管业,334487.2604,334270.1109
002458.SZ,益生股份,1153541.6386,778906.7936
002459.SZ,晶澳科技,2382996.744,2380877.856
002460.SZ,赣锋锂业,10282189.3376,5939813.072
002461.SZ,珠江啤酒,1874689.2395,1874689.2395
002462.SZ,嘉事堂,336046.5792,335773.9008
002463.SZ,沪电股份,20350145.07,20333721.0375
002465.SZ,海格通信,2404897.0491,2401072.5999
002466.SZ,天齐锂业,7613542.2185,6558117.4338
002467.SZ,二六三,624418.8426,620531.1498
002468.SZ,申通快递,2118630.2448,2026322.9808
002469.SZ,三维化学,358821.0178,347506.8037
002470.SZ,金正大,611201.1522,611146.8774
002471.SZ,中超控股,706280.16,693531.1096
002472.SZ,双环传动,3028541.8051,2667245.4102
002474.SZ,榕基软件,378919.8,322058.8098
002475.SZ,立讯精密,46428919.578,44023701.952
002476.SZ,新叶股份,259488.0,259488.0
002478.SZ,常宝股份,545887.3452,437970.6834
002479.SZ,富春环保,463640.0,462607.0208
002480.SZ,新筑股份,403044.3464,402238.0152
002481.SZ,双塔食品,507049.2615,459560.7186
002482.SZ,广田集团,461368.3752,460476.3054
002483.SZ,润邦股份,449439.4788,448822.1556
002484.SZ,江海股份,5354899.104,5165693.6008
002485.SZ,ST雪发,281792.0,281792.0
002486.SZ,嘉麟杰,182990.8482,182137.236
002487.SZ,大金重工,2964783.9111,2527466.5856
002488.SZ,金固股份,845127.7959,781151.316
002489.SZ,浙江永强,563944.238,497385.564
002490.SZ,山东墨龙,595194.9064,404124.612
002491.SZ,通鼎互联,1906491.475,1823526.795
002492.SZ,恒基达鑫,216675.0,212841.5645
002493.SZ,荣盛石化,11717615.8179,10953552.9429
002494.SZ,华斯股份,161111.6689,122450.9608
002495.SZ,佳隆股份,199288.2528,147804.5766
002496.SZ,辉丰股份,284934.4533,223255.9665
002497.SZ,雅化集团,2008916.4724,1846861.2129
002498.SZ,汉缆股份,2175724.584,2175724.584
002500.SZ,山西证券,1881040.266,1881040.266
002501.SZ,*ST利源,429550.0,429122.7732
002506.SZ,协鑫集成,1445028.1508,1443576.0378
002507.SZ,涪陵榨菜,1337392.121,1329735.9988
002508.SZ,老板电器,1525131.3846,1506752.6052
002510.SZ,天汽模,562386.8398,556685.1826
002511.SZ,中顺洁柔,917187.3807,902122.681
002512.SZ,ST达华,366002.3444,363357.9976
002513.SZ,蓝丰生化,173524.428,133537.0806
002514.SZ,*ST宝馨,127446.0711,98063.7702
002515.SZ,金字火腿,947910.8403,862747.6887
002516.SZ,旷达科技,758952.7692,753617.3292
002517.SZ,恺英网络,3240984.4861,2865744.5239
002518.SZ,科士达,1844489.1168,1790352.432
002519.SZ,银河电子,576732.6208,572213.504
002520.SZ,日发精机,408133.3888,390287.4688
002521.SZ,齐峰新材,379721.4258,284199.7008
002522.SZ,浙江众成,432056.7738,431694.4923
002523.SZ,天桥起重,458991.6192,457339.8348
002524.SZ,光正眼科,184488.7128,182847.9988
002526.SZ,山东矿机,459960.8004,456939.7752
002527.SZ,新时达,687594.5681,548457.4782
002528.SZ,*ST英飞,546595.8456,478898.7696
002529.SZ,海源复材,163020.0,163020.0
002530.SZ,金财互联,542321.8776,483805.8168
002531.SZ,天顺风能,1151799.2467,1145329.3773
002532.SZ,天山铝业,5901640.3125,5236243.3125
002533.SZ,金杯电工,810270.864,703960.5216
002534.SZ,西子洁能,1041575.1346,1028401.9242
002535.SZ,林州重机,176370.282,164185.67
002536.SZ,飞龙股份,2584812.1923,2448171.7467
002537.SZ,海联金汇,656275.3353,654431.1943
002538.SZ,ST司特,542861.4888,542505.6468
002539.SZ,云图控股,1396128.5972,1028601.4016
002540.SZ,亚太科技,613060.609,420518.686
002541.SZ,鸿路钢构,1373138.009,987398.399
002542.SZ,*ST中岩,288978.688,281403.408
002543.SZ,万和电气,481109.2,428066.9107
002544.SZ,普天科技,1039175.2653,1039075.2468
002545.SZ,东方铁塔,2355009.5553,2139399.8841
002546.SZ,新联电子,688090.5075,661016.4825
002547.SZ,*ST春兴,241404.2408,236428.7408
002548.SZ,金新农,313877.8323,304894.6985
002549.SZ,凯美特气,974182.4079,969995.6595
002550.SZ,千红制药,856186.2,629689.6938
002551.SZ,尚荣医疗,243502.416,176020.5024
002552.SZ,宝鼎科技,1418086.2715,1346879.5615
002553.SZ,南方精工,515978.016,374066.016
002554.SZ,惠博普,370774.1878,370704.9102
002555.SZ,三七互娱,4061668.2336,2914390.7568
002556.SZ,辉隆股份,443161.9392,442735.434
002557.SZ,洽洽食品,1000075.9281,996939.6153
002558.SZ,巨人网络,4662078.5149,4662053.9849
002559.SZ,亚威股份,578319.1036,454108.505
002560.SZ,通达股份,442633.5634,381275.5562
002561.SZ,徐家汇,264841.031,263998.0252
002562.SZ,兄弟科技,493699.0608,351440.3376
002563.SZ,森马服饰,1608371.8494,1317634.4016
002564.SZ,天沃科技,368470.0305,368470.0305
002565.SZ,顺灏股份,922190.43,922161.024
002566.SZ,益盛药业,212470.9272,148809.501
002567.SZ,唐人神,507300.1956,506809.9056
002568.SZ,百润股份,1855131.8097,1357315.2385
002569.SZ,*ST步森,205790.29,200074.29
002570.SZ,贝因美,444977.8396,444958.0636
002571.SZ,德力股份,412724.0871,314116.4286
002572.SZ,索菲亚,782957.2923,529639.9068
002573.SZ,清新环境,445809.1365,445096.008
002574.SZ,明牌珠宝,225456.0,225456.0
002575.SZ,群兴玩具,294070.5,278723.2635
002576.SZ,通达动力,227672.9,223436.0604
002577.SZ,雷柏科技,502992.896,502966.016
002578.SZ,闽发铝业,271264.1278,248875.9914
002579.SZ,中京电子,722277.3294,687842.6301
002580.SZ,圣阳股份,767946.348,764780.4468
002581.SZ,*ST未名,222330.8972,135066.6344
002582.SZ,好想你,429351.8761,330125.7764
002583.SZ,海能达,1451258.2812,1023611.2782
002584.SZ,西陇科学,427207.972,341951.345
002585.SZ,双星新材,887948.9828,689896.7126
002586.SZ,ST围海,403910.9661,383893.854
002587.SZ,奥拓电子,340996.6361,277543.3167
002588.SZ,史丹利,995234.688,741815.7984
002589.SZ,瑞康医药,409281.2288,371440.888
002590.SZ,万安科技,465071.04,443481.3824
002591.SZ,恒大高新,169312.518,126061.05
002592.SZ,ST八菱,164898.7002,152890.3524
002593.SZ,日上集团,336012.644,234290.7974
002594.SZ,比亚迪,85109039.596,32547537.0225
002595.SZ,豪迈科技,5593520.0,5554840.8092
002596.SZ,海南瑞泽,347716.9218,347397.1659
002597.SZ,金禾实业,1112770.3642,1110669.2344
002598.SZ,ST章鼓,199401.867,183092.67
002599.SZ,盛通股份,322747.0356,246782.5467
002600.SZ,领益智造,9768620.3292,8661492.5721
002601.SZ,龙佰集团,3960236.0941,3301408.2508
002602.SZ,世纪华通,9228094.2396,8509628.1552
002603.SZ,以岭药业,2773370.964,2285046.44
002605.SZ,姚记科技,706523.8716,572289.39
002606.SZ,大连电瓷,606360.0892,581873.302
002607.SZ,中公教育,1165638.4866,1047710.1978
002608.SZ,江苏国信,2697548.9058,2697548.9058
002609.SZ,捷顺科技,479361.906,341850.6255
002611.SZ,东方精工,1841753.5667,1518995.1112
002612.SZ,朗姿股份,591549.3661,340211.9504
002613.SZ,北玻股份,347779.7092,244480.3204
002614.SZ,奥佳华,288167.5104,203864.8458
002615.SZ,哈尔斯,352121.5593,190035.1154
002616.SZ,长青集团,397817.1932,272003.3789
002617.SZ,露笑科技,1120685.0793,1102163.9966
002620.SZ,*ST瑞和,166097.36,139071.68
002622.SZ,皓宸医疗,178920.0213,178914.7389
002623.SZ,亚玛顿,279168.375,278551.8006
002624.SZ,完美世界,1934148.4948,1822249.801
002625.SZ,光启技术,6567183.8034,6567136.2546
002626.SZ,金达威,817924.176,817823.601
002627.SZ,三峡旅游,424818.9988,420291.1762
002628.SZ,成都路桥,339938.0796,338449.3752
002629.SZ,仁智股份,178535.062,151784.426
002630.SZ,*ST华西,190108.8,173322.7468
002631.SZ,德尔未来,503882.7928,501537.7568
002632.SZ,道明光学,485313.5007,446328.8466
002633.SZ,申科股份,199650.0,198942.4404
002634.SZ,*ST棒杰,185119.0575,178220.7856
002635.SZ,安洁科技,874085.01,524081.3575
002636.SZ,金安国纪,4172896.0,4151775.8728
002637.SZ,赞宇科技,446410.549,441260.958
002638.SZ,勤上股份,492751.8617,463969.2431
002639.SZ,雪人集团,910598.6428,771111.7252
002640.SZ,跨境通,532850.1246,529505.604
002641.SZ,公元股份,458452.0247,422980.0231
002642.SZ,荣联科技,480307.2978,480307.2978
002643.SZ,万润股份,1181511.129,1163857.35
002644.SZ,佛慈制药,395759.175,395759.175
002645.SZ,华宏科技,1284070.282,1159764.0175
002646.SZ,天佑德酒,318127.712,315959.42
002647.SZ,仁东控股,1081689.1569,971634.1569
002648.SZ,卫星化学,8300343.0048,8295012.88
002649.SZ,博彦科技,515139.5366,467174.0021
002650.SZ,ST加加,611110.2576,611089.5576
002651.SZ,利君股份,775095.0,424097.7
002652.SZ,扬子新材,181782.72,181782.72
002653.SZ,海思科,7202192.0149,3452071.4091
002654.SZ,万润科技,965335.455,965266.935
002655.SZ,共达电声,892501.632,890736.3792
002656.SZ,摩登大道,189530.2934,182645.8144
002657.SZ,中科金财,481173.5729,475620.3276
002658.SZ,雪迪龙,450118.7172,253861.542
002659.SZ,凯文教育,238713.8796,238712.7624
002660.SZ,茂硕电源,223961.128,215395.6476
002661.SZ,克明食品,236527.767,225573.248
002662.SZ,峰璟股份,466500.0,466494.1221
002663.SZ,普邦股份,260225.6839,257774.5462
002664.SZ,信质集团,613524.6,605071.8783
002666.SZ,德联集团,305743.7284,194259.1452
002667.SZ,*ST威领,252252.572,229039.448
002668.SZ,TCL智家,1137232.8586,1137232.8586
002669.SZ,康达新材,340718.2,339952.0894
002670.SZ,国盛证券,2219542.0362,1861983.1382
002671.SZ,龙泉股份,202172.724,198502.596
002672.SZ,东江环保,370260.693,303214.6305
002673.SZ,西部证券,2914167.2684,2914167.2684
002674.SZ,兴业科技,727055.46,719706.702
002675.SZ,东诚药业,1035692.1992,933690.304
002676.SZ,顺威股份,342000.0,341988.8375
002677.SZ,浙江美大,412827.0363,352414.8261
002678.SZ,珠江钢琴,574569.4869,574253.9712
002679.SZ,福建金森,193319.92,193319.92
002681.SZ,奋达科技,748369.9674,654383.4216
002682.SZ,龙洲股份,230571.126,230571.126
002683.SZ,广东宏大,2019014.445,1771047.5287
002685.SZ,华东重机,514929.9477,514860.9116
002686.SZ,亿利达,293878.11,271296.2773
002687.SZ,乔治白,267533.135,219098.555
002688.SZ,金河生物,380135.1736,369247.0184
002689.SZ,ST远智,263957.6071,263856.6095
002690.SZ,美亚光电,1349810.217,663632.91
002691.SZ,*ST冀凯,126140.0,124648.3574
002692.SZ,远程股份,271459.188,271303.452
002693.SZ,双成药业,350412.881,347279.452
002694.SZ,*ST顾地,146512.2816,138009.12
002695.SZ,煌上煌,505305.9774,461843.9553
002696.SZ,百洋股份,173568.6084,167797.9678
002697.SZ,红旗连锁,618800.0455,521129.8365
002698.SZ,博实股份,1317059.3408,1087250.1304
002700.SZ,万憬能源,235354.3889,122213.1202
002701.SZ,奥瑞金,1241483.8425,1240322.3645
002702.SZ,海欣食品,237309.5627,195883.6026
002703.SZ,浙江世宝,1055437.3692,751899.7123
002705.SZ,新宝股份,921478.9195,916660.958
002706.SZ,良信股份,977118.75,795511.644
002707.SZ,众信旅游,495288.36,435953.9016
002708.SZ,光洋股份,531744.708,488757.1436
002709.SZ,天赐材料,7601796.5793,5627102.019
002712.SZ,思美传媒,232405.9374,230964.4281
002713.SZ,东易日盛,840090.7916,464900.2064
002714.SZ,牧原股份,22687874.673,12892362.249
002715.SZ,登云股份,173880.0,173880.0
002716.SZ,湖南白银,2131431.9685,1753469.1535
002717.SZ,*ST岭南,182023.36,171855.4
002718.SZ,友邦吊顶,1094481.3942,794607.8669
002719.SZ,ST麦趣,97692.2595,90810.3603
002721.SZ,金一文化,619635.2138,619635.2138
002722.SZ,物产金轮,267513.516,267495.471
002723.SZ,小崧股份,220347.9174,210204.0174
002724.SZ,海洋王,398092.968,292971.9516
002725.SZ,跃岭股份,282112.0,274357.7021
002726.SZ,ST龙大,257254.4403,257099.6493
002727.SZ,一心堂,665246.2576,446351.8944
002728.SZ,特一药业,453252.5534,442655.7587
002729.SZ,好利科技,235665.36,225993.8968
002730.SZ,电光科技,784265.0634,749500.7634
002731.SZ,*ST萃华,45595.768,40878.8392
002732.SZ,燕塘乳业,197946.3,196960.2796
002733.SZ,雄韬股份,686976.42,659526.6864
002734.SZ,利民股份,628584.1433,575720.2596
002735.SZ,王子新材,396268.5408,301022.6208
002736.SZ,国信证券,10292951.8155,9660491.547
002737.SZ,葵花药业,791320.0,791319.5935
002738.SZ,中矿资源,3445123.8225,3396113.7
002739.SZ,儒意电影,1830912.1329,1820624.0508
002741.SZ,光华科技,1025770.4347,941328.2274
002742.SZ,冀衡医药,231226.476,177098.5138
002743.SZ,富煌钢构,150602.901,150361.566
002745.SZ,木林森,1577668.8832,1131126.607
002746.SZ,仙坛股份,513741.6039,423676.6914
002747.SZ,埃斯顿,2936300.5064,2373815.6414
002748.SZ,世龙实业,241440.0,241440.0
002749.SZ,国光股份,493590.2205,482811.0417
002752.SZ,昇兴股份,571497.264,570683.178
002753.SZ,永东股份,255921.6615,176585.9733
002755.SZ,奥赛康,1197326.916,1197314.145
002756.SZ,永兴材料,2443747.0995,1754624.1207
002757.SZ,南兴股份,457365.7332,436618.3536
002758.SZ,浙农股份,403628.3442,403196.7892
002759.SZ,ST天际,797699.7166,796998.4038
002760.SZ,凤形股份,170622.146,170622.146
002761.SZ,浙江建投,934034.6895,762661.3155
002762.SZ,金发拉比,281095.85,167834.4496
002763.SZ,汇洁股份,278748.32,206457.656
002765.SZ,蓝黛科技,412144.9592,376583.5832
002766.SZ,索菱股份,318142.946,317081.897
002767.SZ,先锋电子,232500.0,201832.32
002768.SZ,国恩股份,2102651.8,1227772.0256
002769.SZ,普路通,240043.474,239845.5586
002771.SZ,真视通,245843.5252,204531.2284
002772.SZ,众兴菌业,367997.135,364947.1412
002773.SZ,康弘药业,1963346.3453,1463513.9023
002774.SZ,快意电梯,518836.0539,434204.7962
002775.SZ,文科股份,250385.7508,225357.4228
002777.SZ,久远银海,511513.443,506852.9095
002778.SZ,中晟高科,180393.2718,178477.9002
002779.SZ,中坚科技,1044120.0,936816.895
002780.SZ,三夫户外,208355.868,164621.268
002782.SZ,可立克,691660.53,683433.099
002783.SZ,凯龙股份,356013.3775,328776.1358
002785.SZ,万里石,753510.5025,643370.875
002786.SZ,银宝山新,363283.596,362184.096
002787.SZ,华源控股,673439.7662,502616.5632
002788.SZ,鹭燕医药,385408.5664,378771.9872
002789.SZ,*ST建艺,141426.421,138635.078
002790.SZ,瑞尔特,227740.4035,142080.1375
002791.SZ,坚朗五金,494731.23,304350.891
002792.SZ,通宇通讯,1301732.46,839493.8825
002793.SZ,罗欣药业,520954.8915,520162.1944
002795.SZ,永和智控,267220.877,262829.4845
002796.SZ,世嘉科技,671295.954,605703.812
002797.SZ,第一创业,2693738.4,2693738.4
002798.SZ,帝欧水华,302570.0705,266125.838
002799.SZ,环球印务,197464.68,197461.2248
002800.SZ,天顺股份,183617.2386,178298.5374
002801.SZ,微光股份,611739.648,308498.3928
002802.SZ,洪汇新材,187045.7688,154473.0624
002803.SZ,吉宏股份,824250.24,535615.56
002805.SZ,丰元股份,477226.5,475101.2712
002806.SZ,华锋股份,265599.0,217631.375
002807.SZ,江阴银行,1080305.268,1078708.071
002809.SZ,红墙股份,176831.5072,125098.1408
002810.SZ,山东赫达,676037.5107,627513.8059
002811.SZ,郑中设计,298422.93,273826.803
002812.SZ,恩捷股份,5134258.9152,4303900.2288
002813.SZ,路畅科技,232080.0,231801.6974
002815.SZ,崇达技术,1411869.0872,889050.448
002816.SZ,*ST和科,229900.0,229900.0
002817.SZ,黄山胶囊,176767.0362,171413.2263
002818.SZ,富森美,804593.425,320710.0175
002819.SZ,东方中科,610904.9939,484754.89
002820.SZ,桂发祥,168930.2403,168930.2403
002821.SZ,凯莱英,5677249.816,4989002.8104
002822.SZ,ST中装,555750.0,304649.7525
002823.SZ,凯中精密,410461.25,273610.875
002824.SZ,和胜股份,659997.5088,479719.5081
002825.SZ,纳尔股份,262610.3808,197089.6128
002826.SZ,易明医药,303177.543,293719.587
002827.SZ,高争民爆,720042.554,717320.6213
002828.SZ,贝肯能源,,
002829.SZ,星网宇达,425593.6512,299115.52
002830.SZ,名雕股份,221959.824,110844.393
002831.SZ,裕同科技,3317452.5825,1839121.65
002832.SZ,比音勒芬,1446742.4985,987175.3905
002833.SZ,弘亚数控,707535.9353,483266.8234
002835.SZ,同为股份,247369.6253,143452.5617
002836.SZ,新宏泽,197222.4,197222.4
002837.SZ,英维克,7025489.3448,6232215.5053
002838.SZ,道恩股份,1223743.1072,1075975.8886
002839.SZ,张家港行,1075511.8,1074488.844
002840.SZ,华统股份,590394.4704,586317.9136
002841.SZ,视源股份,3106485.6195,2316337.6122
002842.SZ,翔鹭钨业,996567.435,817736.4704
002843.SZ,泰嘉股份,412597.9264,410072.2274
002845.SZ,同兴达,394044.8154,301031.9832
002846.SZ,英联股份,401933.9709,248968.9092
002847.SZ,盐津铺子,1377686.0625,1243334.0412
002848.SZ,高斯贝尔,195899.8,193873.2948
002849.SZ,威星智能,300062.24,297631.376
002850.SZ,科达利,4924552.64,3605806.28
002851.SZ,麦格米特,6874751.7333,5422342.5084
002852.SZ,道道全,257288.2884,213779.148
002853.SZ,皮阿诺,360710.1548,253805.8656
002855.SZ,捷荣技术,226213.2846,226036.5696
002856.SZ,*ST美芝,189437.92,173466.16
002857.SZ,三晖电气,189811.3473,186834.2956
002858.SZ,力盛体育,197505.7472,155962.3192
002859.SZ,洁美科技,2661517.614,2512925.2784
002860.SZ,星帅尔,696190.8627,680034.0279
002861.SZ,瀛通通讯,271415.788,218795.0674
002862.SZ,实丰文化,211862.5,160721.875
002863.SZ,今飞凯达,252982.0792,252982.0792
002864.SZ,盘龙药业,281877.2558,203306.3954
002865.SZ,钧达股份,1302648.4276,935466.1782
002866.SZ,传艺科技,409963.5768,256596.9
002867.SZ,周大生,1330791.0014,1322972.6768
002868.SZ,绿康生化,350307.2132,241183.635
002869.SZ,金溢科技,278994.955,248404.6244
002870.SZ,香山股份,514699.0029,502563.3552
002871.SZ,伟隆股份,396921.5888,235244.1616
002872.SZ,ST天圣,155820.0,105309.869
002873.SZ,新天药业,184298.369,180966.3275
002875.SZ,安奈儿,255954.773,255954.773
002876.SZ,三利谱,461664.4095,395439.948
002877.SZ,智能自控,241617.8723,163309.4813
002878.SZ,元隆雅图,303124.3969,272934.3331
002879.SZ,长缆科技,364973.4396,259192.7497
002880.SZ,卫光生物,436363.2,436363.2
002881.SZ,美格智能,1127933.8608,679550.1372
002882.SZ,金龙羽,773159.5786,440753.7236
002883.SZ,*ST中设,131015.8069,128632.124
002884.SZ,凌霄泵业,583737.84,445654.32
002885.SZ,京泉华,655077.0642,573684.5244
002886.SZ,沃特股份,466396.7792,370486.5704
002887.SZ,绿茵生态,291300.3856,206804.1976
002888.SZ,惠威科技,232243.0682,117853.879
002889.SZ,东方嘉盛,466041.695,310037.3172
002890.SZ,弘宇股份,229841.1456,218477.9751
002891.SZ,中宠股份,1020093.8113,1020093.8113
002892.SZ,科力尔,676156.845,456022.749
002893.SZ,京能热力,247294.32,190206.3268
002895.SZ,川恒股份,2131578.7152,2109247.5066
002896.SZ,中大力德,1207828.5142,1207828.5142
002897.SZ,意华股份,1096007.5971,1042543.7843
002899.SZ,英派斯,265591.209,265591.209
002900.SZ,哈三联,410628.2708,209136.8752
002901.SZ,大博医疗,1800570.8055,1254304.6578
002902.SZ,铭普光磁,504564.323,381375.904
002903.SZ,宇环数控,359621.91,244797.552
002905.SZ,金逸影视,270574.08,251247.36
002906.SZ,华阳集团,1257706.1636,1256971.7896
002907.SZ,华森制药,521995.375,419770.875
002908.SZ,德生科技,282156.5934,210479.8284
002909.SZ,集泰股份,180960.0,176504.1152
002910.SZ,庄园牧场,159364.611,139415.53
002911.SZ,佛燃能源,1443571.4896,1408946.256
002912.SZ,中新赛克,315378.944,299623.4799
002913.SZ,奥士康,1339261.3269,1288952.2593
002915.SZ,中欣氟材,529061.3147,454580.9693
002916.SZ,深南电路,21667909.546,21147590.195
002917.SZ,金奥博,344138.058,257939.253
002918.SZ,蒙娜丽莎,376523.1279,197282.805
002919.SZ,名臣健康,423422.5351,420355.2462
002920.SZ,德赛西威,5004842.7898,5003270.4148
002921.SZ,联诚精密,296152.5588,255344.8828
002922.SZ,伊戈尔,1007015.289,898391.2383
002923.SZ,润都股份,354317.1114,273053.7184
002925.SZ,盈趣科技,1725451.884,1634623.5516
002926.SZ,华西证券,2142000.0,2142000.0
002927.SZ,泰永长征,319164.846,315616.301
002928.SZ,华夏航空,811683.416,811679.2885
002929.SZ,润建股份,1413561.3144,1068988.5328
002930.SZ,宏川智慧,373732.2432,353669.088
002931.SZ,锋龙股份,974317.8081,903285.9381
002932.SZ,*ST明德,337155.3877,226337.7428
002933.SZ,新兴装备,287038.1,285555.0902
002935.SZ,天奥电子,633609.135,618312.5172
002936.SZ,郑州银行,1627484.3606,1258243.9661
002937.SZ,兴瑞科技,938864.8187,936413.7437
002938.SZ,鹏鼎控股,19458038.1332,19401697.6148
002939.SZ,长城证券,3275954.6428,2925359.5952
002940.SZ,昂利康,496049.6438,455590.7332
002941.SZ,新疆交建,738508.2144,738508.2144
002942.SZ,新农股份,220005.1905,196342.7115
002943.SZ,宇晶股份,779961.628,552014.9806
002945.SZ,华林证券,3526200.0,3526200.0
002946.SZ,新乳业,1397749.192,1381560.8352
002947.SZ,恒铭达,1375844.1343,1064891.1268
002948.SZ,青岛银行,3352524.3072,2028784.2048
002949.SZ,华阳国际,187422.4616,145203.3028
002950.SZ,奥美医疗,559806.702,379785.2292
002951.SZ,金时科技,520020.0,515043.7296
002952.SZ,亚世光电,302385.6,242226.8
002953.SZ,日丰股份,470933.3526,259916.3212
002955.SZ,鸿合科技,773576.16,639569.7161
002956.SZ,西麦食品,518200.7706,518142.9064
002957.SZ,科瑞技术,1477498.435,1472911.6666
002958.SZ,青农商行,1683355.1325,1648186.8618
002959.SZ,小熊电器,517835.0528,464536.7912
002960.SZ,青鸟智控,809268.1728,743593.6512
002961.SZ,瑞达期货,881373.108,881368.8576
002962.SZ,五方光电,349706.6947,250811.616
002963.SZ,豪尔赛,195317.5101,159769.206
002965.SZ,祥鑫科技,967841.9541,694446.0579
002966.SZ,苏州银行,3630177.544,3569130.2472
002967.SZ,广电计量,1034013.3,888148.9341
002968.SZ,新大正,184642.6848,173817.384
002969.SZ,嘉美包装,1385203.0903,1377939.1427
002970.SZ,锐明技术,847921.91,582641.5714
002971.SZ,和远气体,773415.0,591208.6929
002972.SZ,科安达,321779.5104,176117.3604
002973.SZ,侨银股份,369433.7928,287158.4024
002975.SZ,博杰股份,1658801.679,1094711.38
002976.SZ,瑞玛精密,371512.0172,232381.4246
002977.SZ,*ST天箭,286846.56,159153.5136
002978.SZ,安宁股份,1223398.08,957172.7232
002979.SZ,雷赛智能,1812162.4654,1277446.8964
002980.SZ,华盛昌,1440395.3655,770287.635
002981.SZ,朝阳科技,307666.9764,273930.7797
002982.SZ,湘佳股份,230625.19,147653.512
002983.SZ,芯瑞达,404284.7424,232221.39
002984.SZ,森麒麟,1467382.2504,1010911.0032
002985.SZ,北摩高科,825651.7568,823377.2272
002986.SZ,宇新股份,448163.1306,355866.2946
002987.SZ,京北方,1121612.7538,1093011.4734
002988.SZ,豪美新材,489616.82,489616.82
002989.SZ,中天精装,410492.6558,402791.9948
002990.SZ,盛视科技,1180167.8654,622049.8302
002991.SZ,甘源食品,385540.5488,206525.7832
002992.SZ,宝明科技,595057.694,514013.479
002993.SZ,奥海科技,993191.92,857931.9462
002995.SZ,天地在线,301140.2865,190771.9884
002996.SZ,顺博合金,406348.1376,278235.1425
002997.SZ,瑞鹄模具,538583.7049,538583.7049
002998.SZ,优彩资源,256888.6664,195838.4524
002999.SZ,天禾股份,187699.68,185513.706
003000.SZ,劲仔食品,471184.439,321923.0135
003001.SZ,中岩大地,308255.9958,201971.3838
003002.SZ,壶化股份,303800.0,277745.0487
003003.SZ,天元股份,170711.52,113791.2258
003004.SZ,声迅股份,489951.8505,411422.6655
003005.SZ,竞业达,277666.44,152373.84
003006.SZ,百亚股份,605373.7502,603859.357
003007.SZ,直真科技,397106.9145,241063.7517
003008.SZ,开普检测,175760.0,131352.208
003009.SZ,中天火箭,775489.5192,775347.8084
003010.SZ,若羽臣,792890.6655,576436.4678
003011.SZ,海象新材,175781.312,131558.8112
003012.SZ,东鹏控股,524112.4646,513968.0483
003013.SZ,地铁设计,780062.9571,681392.5384
003015.SZ,日久光电,293152.5337,257665.6581
003016.SZ,欣贺股份,271656.9536,265430.2888
003017.SZ,大洋生物,203817.6,168120.4032
003018.SZ,金富科技,1077162.45,976159.2996
003019.SZ,宸展光电,390710.8992,377667.5808
003020.SZ,立方制药,387743.5713,286363.5617
003021.SZ,兆威机电,1990945.5843,1543157.7378
003022.SZ,联泓新科,2484156.48,2482043.148
003023.SZ,彩虹集团,206048.1696,205615.3068
003025.SZ,思进智能,321719.3155,256529.2147
003026.SZ,中晶科技,499086.2808,384242.8722
003027.SZ,同兴科技,197392.032,158340.11
003028.SZ,振邦智能,300490.4085,147396.156
003029.SZ,吉大正元,309598.6998,281582.301
003030.SZ,祖名股份,287118.78,186286.4289
003031.SZ,中瓷电子,4523158.4812,3411091.3876
003032.SZ,传智教育,266420.245,188326.8192
003033.SZ,征和工业,508975.5,502709.6536
003035.SZ,南网能源,2045454.552,2045454.552
003036.SZ,泰坦股份,1043610.117,1043583.1362
003037.SZ,三和管桩,321703.1139,321703.1139
003038.SZ,鑫铂股份,239761.1448,161348.448
003039.SZ,顺控发展,699031.1684,699031.1684
003040.SZ,楚天龙,494798.928,490200.3719
003041.SZ,真爱美家,517680.0,491880.123
003042.SZ,中农联合,168981.28,146234.986
003043.SZ,华亚智能,949602.5994,619949.4168
003816.SZ,中国广核,20300519.8914,15812742.6414
300001.SZ,特锐德,3538513.7781,3457561.6285
300002.SZ,神州泰岳,1548165.8325,1456775.6047
300003.SZ,乐普医疗,2385391.6912,2043112.2574
300004.SZ,南风股份,370555.0592,370555.0592
300005.SZ,探路者,832447.4592,825709.4745
300006.SZ,莱美药业,534291.0672,534245.3754
300007.SZ,汉威科技,1060923.744,916746.012
300008.SZ,天海防务,1048913.7244,999905.0907
300009.SZ,安科生物,1351596.8663,995269.9848
300010.SZ,ST豆神,405056.0892,326013.0132
300011.SZ,鼎汉技术,343955.4672,288121.408
300012.SZ,华测检测,2256672.7503,1919295.7902
300013.SZ,新宁物流,192633.8205,192414.573
300014.SZ,亿纬锂能,11753189.6352,11424321.0432
300015.SZ,爱尔眼科,8016224.7714,6859082.5226
300016.SZ,北陆药业,456626.4145,441298.583
300017.SZ,网宿科技,3219433.263,3020456.439
300018.SZ,中元股份,537092.8395,400084.9055
300019.SZ,硅宝科技,544859.7462,510893.3214
300020.SZ,ST银江,298798.928,288235.396
300021.SZ,大禹节水,381343.0775,325774.1716
300022.SZ,吉峰科技,378093.906,378082.737
300024.SZ,机器人,2324945.5515,2324306.7045
300025.SZ,华星创业,216236.9825,215327.7375
300026.SZ,红日药业,1018408.4772,1017449.3106
300027.SZ,ST华谊,479989.5207,429915.6914
300030.SZ,阳普医疗,189222.6888,166603.2912
300031.SZ,宝通科技,770075.1813,647147.5941
300032.SZ,金龙机电,274684.0032,274684.0032
300033.SZ,同花顺,16104990.72,9381116.4382
300034.SZ,钢研高纳,1193848.327,1149050.9366
300035.SZ,中科电气,910246.5248,774690.3936
300036.SZ,超图软件,530216.9692,478876.7052
300037.SZ,新宙邦,4431344.2592,3213969.3132
300039.SZ,上海凯宝,601450.0,527232.565
300040.SZ,九洲集团,408565.604,328533.76
300041.SZ,回天新材,561114.2077,546057.6732
300042.SZ,朗科科技,794586.3965,794513.044
300043.SZ,星辉娱乐,549935.6932,549644.4594
300044.SZ,*ST赛为,394920.3764,369850.5294
300045.SZ,华力创通,811114.5672,631967.3568
300046.SZ,台基股份,532195.65,532195.65
300047.SZ,天源迪科,604581.9756,544068.0072
300048.SZ,合康新能,562776.6578,561725.1052
300049.SZ,福瑞医科,1180832.1903,1044848.9646
300050.SZ,世纪鼎利,291492.9845,291315.097
300051.SZ,琏升科技,268968.7971,265641.4788
300052.SZ,中青宝,245361.6019,245354.5744
300053.SZ,航宇微,825796.0455,771220.3965
300054.SZ,鼎龙股份,6797687.7897,5299534.5735
300055.SZ,万邦达,456865.2816,345535.7178
300056.SZ,中创环保,285648.4605,285431.7921
300057.SZ,万顺新材,603146.4715,499416.576
300058.SZ,蓝色光标,4225690.3524,4093523.9631
300059.SZ,东方财富,30726712.2058,25932100.4436
300061.SZ,旗天科技,401327.1633,378901.3473
300062.SZ,中能电气,417648.4962,303891.5529
300063.SZ,天龙集团,585582.9212,483671.0468
300065.SZ,海兰信,1116942.6197,1016873.6024
300066.SZ,三川智慧,498175.9028,478089.5647
300067.SZ,安诺其,648758.5252,526742.1994
300068.SZ,ST南都,364737.1238,346594.7296
300069.SZ,金利华电,323739.0,323739.0
300070.SZ,碧水源,1246728.0336,1181560.1576
300071.SZ,福石控股,387481.5288,380031.0618
300072.SZ,海新能科,803604.3426,797325.5646
300073.SZ,当升科技,2208199.5409,2052725.5641
300074.SZ,华平股份,187104.584,186945.209
300075.SZ,数字政通,667714.965,554096.3875
300076.SZ,*ST宁视,172992.0,172992.0
300077.SZ,国民技术,1141965.3628,953696.1836
300078.SZ,思创智联,317475.7048,316196.2564
300079.SZ,数码视讯,623174.2797,560006.6289
300080.SZ,易成新能,668796.8028,667886.5956
300081.SZ,ST恒信,162689.9626,162659.2697
300082.SZ,奥克股份,503272.668,501852.904
300083.SZ,创世纪,1763089.4934,1580157.4098
300084.SZ,海默科技,568515.2564,487898.2948
300085.SZ,银之杰,1939021.8064,1789123.3976
300086.SZ,康芝药业,283542.5012,274540.2135
300087.SZ,ST荃银,479349.8908,456561.7254
300088.SZ,长信科技,1663490.5776,1655344.5984
300091.SZ,*ST金灵,690616.9593,397407.4974
300092.SZ,科新机电,297206.7805,227704.9355
300093.SZ,金刚光伏,1153440.0,493368.5808
300094.SZ,国联水产,298964.3345,292962.111
300095.SZ,华伍股份,315540.08,254136.16
300096.SZ,ST易联众,344860.0,344859.599
300097.SZ,智云股份,222760.2912,208446.4848
300098.SZ,高新兴,768099.7766,681450.4944
300099.SZ,尤洛卡,421715.6944,332514.0104
300100.SZ,双林股份,1210103.521,1166575.3
300101.SZ,振芯科技,784277.7717,781616.999
300102.SZ,乾照光电,1506586.4306,1499367.0969
300103.SZ,达刚控股,207711.054,207538.5922
300105.SZ,龙源技术,454432.5745,454131.6249
300106.SZ,西部牧业,181957.1103,181957.1103
300107.SZ,建新股份,343297.203,211903.752
300109.SZ,新开源,737222.607,661372.029
300110.SZ,华仁药业,314468.658,314193.2416
300111.SZ,向日葵,356557.3639,356557.3639
300112.SZ,万讯自控,183714.7158,151584.5892
300113.SZ,顺网科技,1121808.7296,847009.7792
300115.SZ,长盈精密,3483694.9059,3473420.0091
300118.SZ,东方日升,1051092.8158,854527.6712
300119.SZ,瑞普生物,730594.3884,524456.142
300120.SZ,经纬辉开,359570.5814,330181.822
300121.SZ,阳谷华泰,401159.6182,386895.6169
300122.SZ,智飞生物,2997024.7632,1770711.4225
300123.SZ,ST亚光,417930.1469,406554.3436
300124.SZ,汇川技术,15885512.0813,14141316.3449
300125.SZ,*ST聆达,520028.85,281792.9224
300126.SZ,锐奇股份,166568.7648,115436.3096
300127.SZ,银河磁体,733542.101,523952.547
300128.SZ,锦富技术,549525.8565,548827.8219
300129.SZ,泰胜风能,824986.8552,534720.3888
300130.SZ,新国都,1004697.8634,768910.9967
300131.SZ,英唐智控,1593567.378,1463343.57
300132.SZ,青松股份,319763.5771,314502.3247
300133.SZ,华策影视,1194255.6899,1059294.3088
300134.SZ,大富科技,581763.484,581763.484
300135.SZ,宝利国际,289382.4,289382.4
300136.SZ,信维通信,6037628.3011,5149249.4851
300137.SZ,先河环保,632630.4138,624910.2039
300138.SZ,晨光生物,528511.5094,435754.7502
300139.SZ,晓程科技,1063668.0,907065.0144
300140.SZ,节能环境,1692090.582,1690015.1814
300141.SZ,和顺电气,259133.823,255891.894
300142.SZ,沃森生物,1919218.2,1872603.36
300143.SZ,盈康生命,718023.6684,614202.345
300144.SZ,宋城演艺,1575760.3792,1559285.192
300145.SZ,南方泵业,785378.978,781528.9383
300146.SZ,汤臣倍健,1671376.9748,1107236.4836
300147.SZ,*ST香雪,415944.5539,413483.7801
300148.SZ,天舟文化,272340.4678,262959.1114
300149.SZ,睿智医药,453645.204,432327.3485
300150.SZ,世纪瑞尔,224680.704,178046.6688
300151.SZ,昌红科技,734863.11,508802.964
300152.SZ,*ST动力,103356.0,103352.056
300153.SZ,科泰电源,626240.0,622972.0057
300154.SZ,瑞凌股份,339863.8068,238256.802
300155.SZ,安居宝,215511.4752,126506.1888
300157.SZ,新锦动力,318383.6032,303933.0944
300158.SZ,振东制药,488213.1252,487814.802
300159.SZ,新研股份,927898.722,519541.9104
300160.SZ,秀强股份,323091.5534,318582.671
300161.SZ,华中数控,465546.8367,456871.6449
300162.SZ,雷曼光电,297013.1508,242250.5544
300163.SZ,先锋新材,235104.0,226471.7152
300164.SZ,通源石油,636123.8547,630450.8748
300165.SZ,天瑞仪器,237845.616,201856.656
300166.SZ,东方国信,1441652.0562,1146691.0206
300167.SZ,ST迪威迅,152376.3774,129595.11
300168.SZ,万达信息,688620.423,687929.235
300169.SZ,天晟新材,152093.4912,135177.6384
300170.SZ,汉得信息,1487800.171,1421103.112
300171.SZ,东富龙,912101.2671,670124.9634
300172.SZ,中电环保,292338.72,225908.2224
300173.SZ,ST福能,222621.8871,222621.8871
300174.SZ,元力股份,649387.0719,645792.8987
300175.SZ,朗源股份,267885.2,267885.2
300176.SZ,鸿特科技,188218.4688,188218.4688
300177.SZ,中海达,436083.0926,355293.7338
300179.SZ,四方达,1602889.2,1234140.27
300180.SZ,华峰超纤,730839.9415,710757.6765
300181.SZ,佐力药业,979838.0581,842266.5273
300182.SZ,捷成股份,1204049.2164,1021233.9292
300183.SZ,东软载波,461683.8818,370286.942
300184.SZ,力源信息,1312225.4922,1201419.1736
300185.SZ,通裕重工,1113991.6416,1061622.6012
300187.SZ,永清环保,287301.879,285635.1315
300188.SZ,国投智能,877526.3233,873474.2806
300189.SZ,神农种业,440320.0,381087.672
300190.SZ,维尔利,343208.218,341815.4592
300191.SZ,潜能恒信,904640.0,625318.265
300192.SZ,科德教育,487066.3399,481399.8686
300193.SZ,佳士科技,349567.3532,307821.9106
300194.SZ,福安药业,436624.4508,355382.3214
300195.SZ,长荣股份,205498.2345,152224.525
300196.SZ,长海股份,661882.9799,399941.2462
300197.SZ,节能铁汉,527823.0618,527809.7118
300198.SZ,*ST纳川,209404.3455,208321.9495
300199.SZ,翰宇药业,1809761.4237,1526848.0026
300200.SZ,高盟新材,347364.3992,341647.28
300201.SZ,海伦哲,1370281.2088,1362961.0456
300203.SZ,聚光科技,530407.8432,529950.882
300204.SZ,舒泰神,1233182.4179,1033447.7333
300205.SZ,*ST天喻,212877.72,212877.72
300206.SZ,理邦仪器,656758.6322,383384.0868
300207.SZ,欣旺达,3321737.4779,3081638.4643
300209.SZ,行云科技,2496173.8368,1974496.7424
300210.SZ,森远股份,415944.98,415944.98
300211.SZ,*ST亿通,190259.9922,186849.6068
300212.SZ,*ST易录,558636.5024,542045.0792
300213.SZ,佳讯飞鸿,347703.3495,323049.8115
300214.SZ,日科化学,650863.64,650863.64
300215.SZ,电科院,444961.9548,444961.9548
300217.SZ,东方电热,604492.5521,501823.1635
300218.SZ,安利股份,250186.011,249366.6892
300219.SZ,鸿利智汇,449544.1225,448716.908
300220.SZ,金运激光,142128.0,141958.142
300221.SZ,银禧科技,528236.4905,515149.847
300222.SZ,科大智能,718079.0616,585448.533
300223.SZ,北京君正,6147373.253,5359733.282
300224.SZ,正海磁材,992126.6264,988473.6576
300225.SZ,金力泰,309029.24,306829.835
300226.SZ,上海钢联,580200.4669,557796.1973
300227.SZ,光韵达,493886.2006,378318.4608
300228.SZ,富瑞特装,415808.148,388997.184
300229.SZ,拓尔思,1102509.702,1101750.4828
300230.SZ,永利股份,331791.0672,256967.58
300231.SZ,银信科技,360689.4115,360670.9207
300232.SZ,洲明科技,537198.9168,437507.1974
300233.SZ,金城医药,482530.3722,464857.7064
300234.SZ,开尔新材,382409.96,261430.12
300235.SZ,方直科技,255019.3058,205773.5264
300236.SZ,上海新阳,2619875.192,2328678.836
300237.SZ,ST美晨,271080.0012,271077.4632
300238.SZ,冠昊生物,289284.8687,289261.3031
300239.SZ,东宝生物,277222.0344,275425.859
300240.SZ,飞力达,192098.0193,187853.2942
300241.SZ,瑞丰光电,371941.4782,311947.8003
300242.SZ,佳云科技,,
300243.SZ,瑞丰高材,358957.7364,287165.1876
300244.SZ,迪安诊断,1010591.8515,810859.3647
300245.SZ,ST天玑,160761.35,160407.5222
300246.SZ,宝莱特,477350.126,381527.96
300247.SZ,融捷健康,303123.1931,302738.6531
300248.SZ,新开普,370122.7068,317826.0225
300249.SZ,依米康,546443.4344,445938.6432
300250.SZ,初灵信息,326395.4544,240387.1626
300251.SZ,光线传媒,3306154.1268,3127838.3836
300252.SZ,金信诺,729372.124,595632.297
300253.SZ,卫宁健康,1512275.8563,1274124.9018
300254.SZ,仟源医药,198565.0392,175504.8588
300255.SZ,常山药业,2347281.5386,2343610.1636
300256.SZ,星星科技,571635.1368,565335.1368
300257.SZ,开山股份,1826301.13,1754720.5876
300258.SZ,精锻科技,555794.935,541396.925
300259.SZ,新天科技,465507.3291,465399.2103
300260.SZ,新莱应材,2279639.453,1607890.271
300261.SZ,雅本化学,523077.0585,511956.9615
300263.SZ,隆华科技,901490.4873,849684.8009
300264.SZ,佳创视讯,261530.5632,224824.6055
300265.SZ,通光线缆,617701.3173,617303.5642
300266.SZ,兴源环境,271916.2775,271782.1925
300267.SZ,尔康制药,614656.2602,423866.707
300268.SZ,佳沃食品,176813.0,135713.1125
300269.SZ,联建光电,240669.352,231283.932
300270.SZ,中威电子,293721.82,253102.294
300271.SZ,华宇软件,427038.7282,417836.253
300272.SZ,开能健康,327747.652,248943.592
300274.SZ,阳光电源,23236554.492,17793016.0656
300275.SZ,梅安森,243940.0392,214997.508
300276.SZ,三丰智能,867245.617,654359.8179
300277.SZ,汽轮科技,1728917.388,872611.062
300278.SZ,华昌达,496274.1615,494715.2652
300279.SZ,和晶科技,254331.74,253210.984
300281.SZ,金明精机,229570.1328,217734.5932
300283.SZ,温州宏丰,653526.333,482892.3275
300284.SZ,苏交科,674350.0452,628936.5492
300285.SZ,国瓷材料,5625346.5086,4723652.2242
300286.SZ,安科瑞,482509.7628,399759.2924
300287.SZ,飞利信,512392.7466,470631.5292
300288.SZ,朗玛信息,316313.1504,240148.9584
300289.SZ,利德曼,299750.3365,299279.2315
300290.SZ,ST荣科,312189.46,312096.6912
300291.SZ,百纳千成,440804.3796,435176.7732
300292.SZ,吴通控股,536706.0,446377.92
300293.SZ,蓝英装备,573652.5795,573652.5795
300294.SZ,博雅生物,745279.5786,745279.5786
300295.SZ,*ST三六五,204972.4097,181126.1983
300296.SZ,利亚德,1385820.3604,1183598.3738
300298.SZ,三诺生物,866452.2204,697089.7116
300299.SZ,富春股份,352053.051,351621.948
300300.SZ,海峡创新,470794.0526,470764.0476
300301.SZ,ST长方,282155.392,268531.796
300302.SZ,同有科技,1342417.9038,1033047.7339
300303.SZ,聚飞光电,983263.017,922080.8098
300304.SZ,云意电气,921172.7602,896386.7952
300305.SZ,裕兴股份,185823.198,159130.5705
300306.SZ,远方信息,242331.8788,141999.8525
300307.SZ,慈星股份,498745.0024,490238.3474
300308.SZ,中际旭创,101263310.76,100782533.84
300310.SZ,宜通世纪,359716.668,282080.0208
300311.SZ,ST任子行,346919.553,276765.6865
300313.SZ,天山生物,187267.399,154132.5368
300314.SZ,戴维医疗,275040.0,137273.037
300315.SZ,掌趣科技,1099290.066,1031840.88
300316.SZ,晶盛机电,5036466.9948,4736562.0684
300317.SZ,珈伟新能,403471.5624,402851.9124
300318.SZ,博晖创新,381492.4868,370059.7197
300319.SZ,麦捷科技,1310967.9191,1257326.0854
300320.SZ,海达股份,476778.7206,384866.3728
300321.SZ,同大股份,281318.4,280988.6112
300322.SZ,硕贝德,761363.221,728912.974
300323.SZ,华灿光电,1765822.6944,1292211.072
300324.SZ,旋极信息,611567.037,605336.7432
300326.SZ,ST凯利,394356.985,394194.68
300327.SZ,中颖电子,723363.2419,718032.0498
300328.SZ,宜安科技,761537.2308,757807.8775
300329.SZ,海伦钢琴,272361.1299,271555.2108
300331.SZ,苏大维格,1038649.2,888523.2
300332.SZ,天壕能源,383155.3828,367235.0388
300333.SZ,兆日科技,248304.0,247402.4939
300334.SZ,津膜科技,229267.6386,229240.6182
300335.SZ,迪森股份,255201.5805,205525.2255
300337.SZ,银邦股份,742219.6553,642404.775
300338.SZ,*ST开元,108708.6668,94482.9203
300339.SZ,润和软件,2812923.0904,2746788.778
300340.SZ,科恒股份,220411.84,218770.48
300341.SZ,麦克奥迪,642106.1823,639572.3085
300342.SZ,天银机电,1337160.7392,1317541.3394
300343.SZ,联创股份,615383.9424,614142.3744
300345.SZ,华民股份,304751.4461,251788.0024
300346.SZ,南大光电,3746761.5549,3556121.79
300347.SZ,泰格医药,4138091.1963,2722478.3982
300348.SZ,长亮科技,731949.2443,658137.4322
300349.SZ,金卡智能,406365.8516,360106.9878
300350.SZ,华鹏飞,228176.9938,191455.5524
300351.SZ,永贵电器,525031.3526,355613.8383
300352.SZ,ST信源,329110.048,289680.7382
300353.SZ,东土科技,1047162.4384,919724.2236
300354.SZ,东华测试,383561.9146,225469.857
300355.SZ,蒙草生态,457208.9985,389392.878
300357.SZ,我武生物,1213144.128,1121229.2014
300358.SZ,楚天科技,570643.8948,559637.7192
300359.SZ,全通教育,233700.0246,233688.3273
300360.SZ,炬华科技,613939.3974,597330.2604
300363.SZ,博腾股份,862442.7714,786444.6741
300364.SZ,中文在线,1530578.7101,1387553.9755
300365.SZ,恒华科技,277733.0965,236928.4898
300366.SZ,ST创意,260042.6136,227055.07
300368.SZ,汇金股份,475520.2065,475520.2065
300369.SZ,绿盟科技,560950.3548,558930.4068
300370.SZ,安控科技,319336.7448,318539.9004
300371.SZ,汇中股份,184113.8295,128096.0655
300373.SZ,扬杰科技,4607589.344,4597333.632
300374.SZ,中铁装配,259929.3011,259898.7538
300375.SZ,鹏翎股份,291138.7878,202940.6787
300376.SZ,易事特,1036067.0225,1035708.5305
300377.SZ,赢时胜,990573.0889,911326.2499
300378.SZ,鼎捷数智,747861.6438,742239.3528
300380.SZ,安硕信息,381261.006,350764.587
300381.SZ,溢多利,266016.3406,265063.0728
300382.SZ,斯莱克,900627.6,900541.7598
300383.SZ,光环新网,2272157.4256,2268006.1968
300384.SZ,三联虹普,381213.7235,263035.6325
300385.SZ,ST雪浪,338476.2344,295313.2016
300386.SZ,飞天诚信,408010.944,244739.5152
300387.SZ,富邦科技,194824.418,194756.7484
300388.SZ,节能国祯,453574.1052,453574.1052
300389.SZ,艾比森,433692.8525,257838.945
300390.SZ,天华新能,4671311.7484,3780160.7148
300393.SZ,中来股份,612370.5988,537211.9222
300394.SZ,天孚通信,19805020.5156,19760774.3436
300395.SZ,菲利华,4000783.231,3900456.035
300396.SZ,ST迪瑞,172346.4632,172070.3424
300397.SZ,天和防务,512460.333,400573.404
300398.SZ,飞凯材料,1883389.6928,1873159.848
300399.SZ,天利科技,312405.6,312375.0867
300400.SZ,劲拓股份,522858.599,521109.17
300401.SZ,花园生物,673393.3176,662533.5744
300402.SZ,宝色股份,338596.566,334244.582
300403.SZ,汉宇集团,527022.0,373249.4786
300404.SZ,博济医药,371090.4418,274666.0072
300405.SZ,科隆股份,136783.2687,105254.0554
300406.SZ,九强生物,654132.798,473500.0512
300407.SZ,凯发电气,423695.1416,316846.6459
300408.SZ,三环集团,20043609.5211,18853255.9146
300409.SZ,道氏技术,1326694.304,1180765.8848
300410.SZ,正业科技,251473.638,251473.638
300411.SZ,金盾股份,277653.16,211125.8865
300412.SZ,迦南科技,193129.5608,181530.3008
300413.SZ,芒果超媒,2856590.8143,1560135.9
300414.SZ,中光防雷,367749.8832,353672.8944
300415.SZ,伊之密,916975.834,886701.2397
300416.SZ,苏试试验,703830.1552,699093.1384
300417.SZ,南华仪器,125278.3392,77822.6624
300418.SZ,昆仑万维,4833015.5067,4420393.1879
300419.SZ,ST浩丰,286847.964,286847.964
300420.SZ,五洋自控,699972.5172,699904.1115
300421.SZ,力星股份,479857.776,375854.1696
300422.SZ,博世科,222628.1268,215458.896
300423.SZ,昇辉科技,270148.6359,180921.9528
300424.SZ,航新科技,351832.7379,351634.08
300425.SZ,中建环能,260609.9118,260042.0688
300426.SZ,华智数媒,234649.4388,208400.0
300427.SZ,红相股份,323927.4311,320414.1213
300428.SZ,立中集团,1245701.7672,1084315.1004
300429.SZ,强力新材,520963.0698,391841.8018
300430.SZ,*ST益通,117410.124,111735.715
300432.SZ,富临精工,2629611.1876,2600292.6012
300433.SZ,蓝思科技,17873816.6874,16827404.2
300434.SZ,金石亚药,407368.3146,346904.7114
300435.SZ,中泰股份,632569.32,604855.288
300436.SZ,广生堂,1415883.63,1215458.58
300437.SZ,清水源,248635.9434,176183.1084
300438.SZ,鹏辉能源,3082977.7125,2475505.725
300439.SZ,美康生物,320137.6437,243512.6393
300440.SZ,运达科技,687180.4685,684544.7435
300441.SZ,鲍斯股份,432403.0689,420001.7811
300442.SZ,润泽科技,10376308.566,10345872.1732
300443.SZ,金雷股份,679965.8904,515651.976
300444.SZ,双杰电气,803010.8598,626186.8166
300445.SZ,康斯特,383436.15,253696.36
300446.SZ,航天智造,1110868.8714,490858.1028
300447.SZ,全信股份,398508.0704,257053.7728
300448.SZ,浩云科技,343670.6868,326424.1376
300449.SZ,汉邦高科,243588.716,243588.716
300450.SZ,先导智能,5529953.6145,5150745.7632
300451.SZ,创业慧康,520505.8992,512969.1168
300452.SZ,山河药辅,278768.5407,236170.7133
300453.SZ,三鑫医疗,498590.5065,343666.0135
300454.SZ,深信服,4423479.75,2952029.725
300455.SZ,航天智装,1232407.4843,1216704.6608
300456.SZ,赛微电子,2090468.4005,1705716.6095
300457.SZ,赢合科技,1233583.0128,1213825.9344
300458.SZ,全志科技,3905988.2263,3200650.0756
300459.SZ,汤姆猫,1279755.204,1196537.7424
300460.SZ,ST惠伦,225766.6572,225766.6572
300461.SZ,田中精机,463636.3941,425885.3559
300462.SZ,ST华铭,194088.6549,147834.414
300463.SZ,迈克生物,534525.2956,434573.4612
300464.SZ,星徽股份,277576.0218,210954.7638
300465.SZ,高伟达,532499.28,532499.28
300466.SZ,赛摩智能,367909.0413,308375.2014
300467.SZ,迅游科技,665902.4573,557816.8386
300468.SZ,四方精创,1071380.7348,1069645.2024
300469.SZ,信息发展,1221583.1348,1220968.0098
300470.SZ,中密控股,606545.8116,575625.3199
300471.SZ,厚普股份,420792.0365,328064.04
300472.SZ,*ST新元,168183.0046,150272.5783
300473.SZ,德尔股份,358447.1071,312471.7101
300474.SZ,景嘉微,2621981.0281,2039280.5597
300475.SZ,香农芯创,6914942.0886,6627677.2266
300476.SZ,胜宏科技,20656170.9264,18184666.4082
300477.SZ,ST合纵,286228.9929,264600.471
300478.SZ,杭州高新,344043.868,344043.868
300479.SZ,神思电子,255167.9655,255022.278
300480.SZ,光力科技,1091046.0022,796167.1193
300481.SZ,濮阳惠成,377952.743,375647.902
300482.SZ,万孚生物,756899.5896,695417.3688
300483.SZ,首华燃气,762128.1383,761593.8083
300484.SZ,蓝海华腾,250668.319,201286.646
300485.SZ,赛升药业,426756.4304,242602.0392
300486.SZ,东杰智能,783955.6427,783720.0365
300487.SZ,蓝晓科技,3072124.8138,1858589.0596
300488.SZ,恒锋工具,549759.8,466478.525
300489.SZ,光智科技,2052299.2344,2044785.1284
300490.SZ,华自科技,443321.8184,437296.8912
300491.SZ,通合科技,438659.2033,389114.8123
300492.SZ,华图山鼎,602369.528,602369.528
300493.SZ,润欣科技,626300.7842,619079.0086
300494.SZ,盛天网络,390446.0396,317085.0876
300496.SZ,中科创达,2668724.838,2136096.682
300497.SZ,富祥股份,949099.538,797375.8324
300498.SZ,温氏股份,9355424.5958,8359907.28
300499.SZ,高澜股份,791509.6198,703761.9812
300500.SZ,启迪设计,143703.2674,138435.948
300501.SZ,海顺新材,264273.565,263361.66
300502.SZ,新易盛,56732305.123,51035155.808
300503.SZ,昊志机电,1943678.2008,1521092.331
300504.SZ,天邑股份,375368.9325,302278.3275
300505.SZ,川金诺,467274.75,369514.04
300506.SZ,名家汇,769822.164,396736.11
300507.SZ,苏奥传感,490796.5497,475069.7895
300508.SZ,维宏股份,375193.2995,282168.4315
300509.SZ,新美星,227635.2,189775.488
300510.SZ,金冠股份,278745.4566,278745.4566
300511.SZ,雪榕生物,317219.3145,270271.5345
300512.SZ,中亚股份,264776.5978,209567.9584
300513.SZ,恒实科技,208918.3392,191291.3838
300514.SZ,友讯达,174200.0,139584.9793
300515.SZ,三德科技,323446.074,317163.2616
300516.SZ,久之洋,704592.0,704592.0
300517.SZ,海波重科,171356.9625,107929.1295
300518.SZ,新迅达,390447.9128,390371.355
300519.SZ,新光药业,220800.0,157458.0
300520.SZ,科大国创,717812.4438,693694.7936
300521.SZ,爱司凯,322218.96,318183.96
300522.SZ,世名科技,390166.315,318357.776
300523.SZ,辰安科技,427820.6163,427807.3755
300525.SZ,博思软件,592288.774,485911.8472
300527.SZ,ST应急,733091.4584,733091.4584
300528.SZ,幸福蓝海,511218.3132,511218.3132
300529.SZ,健帆生物,1402350.9068,899778.0876
300530.SZ,领湃科技,291973.4772,291973.4772
300531.SZ,优博讯,523358.607,507921.529
300532.SZ,今天国际,425879.001,405069.6117
300533.SZ,冰川网络,439522.3313,309259.5909
300534.SZ,陇神戎发,432266.625,430423.3875
300535.SZ,达威股份,137413.5041,104210.7831
300536.SZ,农尚环境,236390.2892,236373.1214
300537.SZ,广信材料,363652.3215,266342.4855
300538.SZ,同益股份,242497.3605,161273.2716
300539.SZ,横河精密,464886.4404,377818.1388
300540.SZ,蜀道装备,651140.1398,591446.5192
300541.SZ,先进数通,439075.4345,396166.4801
300542.SZ,新晨科技,335879.8875,278529.75
300543.SZ,朗科智能,212008.9396,173137.5696
300545.SZ,联得装备,489061.4481,315276.8193
300546.SZ,雄帝科技,302866.6158,217778.634
300547.SZ,川环科技,530552.5652,435934.9256
300548.SZ,长芯博创,4353382.4816,4344578.3962
300549.SZ,优德精密,168008.526,127328.292
300550.SZ,和仁科技,268861.6448,268595.8144
300551.SZ,古鳌科技,317278.6857,316355.0157
300552.SZ,万集科技,419659.0739,265988.4689
300553.SZ,集智股份,447985.875,343334.922
300554.SZ,三超新材,210834.429,146009.1854
300555.SZ,ST路通,239800.0,237383.8951
300556.SZ,丝路视觉,176148.1197,157225.9185
300557.SZ,理工光科,381036.1275,379140.7475
300558.SZ,贝达药业,2445726.1607,2437929.7651
300559.SZ,佳发教育,410301.3915,319537.4936
300560.SZ,中富通,309464.6292,251841.5856
300561.SZ,汇金科技,560736.572,411967.4384
300562.SZ,乐心医疗,286768.6944,219009.9296
300563.SZ,神宇股份,395421.8151,275130.6129
300564.SZ,筑博设计,175833.677,123379.062
300565.SZ,科信技术,217992.1158,199223.0523
300566.SZ,激智科技,635079.4458,549246.6092
300567.SZ,精测电子,5857897.992,4754420.718
300568.SZ,星源材质,1789795.2177,1446648.5943
300569.SZ,天能重工,489885.8019,488411.3441
300570.SZ,太辰光,2839086.25,2402410.0
300571.SZ,平治信息,428770.4659,355353.1156
300572.SZ,安车检测,401188.3776,317598.8808
300573.SZ,兴齐眼药,1418571.516,1089378.719
300575.SZ,中旗股份,259393.341,187692.161
300576.SZ,容大感光,1067755.818,672043.716
300577.SZ,开润股份,416595.6531,246940.2576
300578.SZ,会畅科技,290465.1105,290386.5865
300579.SZ,数字认证,579420.0,558975.7018
300580.SZ,贝斯特,1031268.7084,970232.4025
300581.SZ,晨曦航空,525354.5725,525354.5725
300582.SZ,英飞特,299133.573,222007.7292
300583.SZ,赛托生物,216829.5003,212768.1927
300584.SZ,海辰药业,384000.0,262751.68
300585.SZ,奥联电子,209782.2086,209782.2086
300586.SZ,美联新材,548348.0757,412173.9015
300587.SZ,天铁科技,488149.0688,395782.3
300588.SZ,熙菱信息,399982.919,369381.158
300589.SZ,江龙船艇,464531.64,288347.178
300590.SZ,移为通信,459925.3175,356025.527
300591.SZ,万里马,289245.4194,249867.1424
300592.SZ,华凯易佰,588017.6379,516860.8083
300593.SZ,新雷能,1230386.3712,1016753.9256
300594.SZ,ST朗进,119159.9295,118017.7913
300595.SZ,欧普康视,970493.4928,724648.3632
300596.SZ,利安隆,874621.4373,855835.8302
300597.SZ,吉大通信,188618.44,187789.5624
300598.SZ,诚迈科技,596699.95,596532.75
300599.SZ,雄塑科技,337718.0988,177316.4392
300600.SZ,国瑞科技,285113.2305,285113.2305
300601.SZ,康泰生物,1347017.9418,1085879.0232
300602.SZ,飞荣达,2007396.4428,1373236.7439
300603.SZ,立昂技术,353711.4302,284561.6432
300604.SZ,长川科技,17535330.491,13528990.4634
300605.SZ,恒锋信息,146317.7612,111975.338
300606.SZ,金太阳,442159.5688,376087.702
300607.SZ,拓斯达,1392759.7,985498.248
300608.SZ,思特奇,342460.7328,299496.2424
300609.SZ,汇纳科技,297523.3688,297064.6284
300610.SZ,晨化股份,188545.6097,147198.4864
300611.SZ,美力科技,499613.8149,351033.201
300612.SZ,宣亚国际,204578.348,203488.298
300613.SZ,富瀚微,1347531.0486,1271126.9186
300614.SZ,百川畅银,145359.2742,145359.2742
300615.SZ,欣天科技,,
300616.SZ,尚品宅配,212841.0732,147144.9576
300617.SZ,安靠智电,685200.926,574449.4995
300618.SZ,寒锐钴业,1004657.3924,883979.2948
300619.SZ,金银河,521389.8475,438946.682
300620.SZ,光库科技,5349409.1208,5304811.4976
300621.SZ,维业股份,129411.2674,125973.038
300622.SZ,博士眼镜,444042.1536,303569.5872
300623.SZ,捷捷微电,2049412.7937,1890000.0447
300624.SZ,万兴科技,900947.158,797946.712
300625.SZ,三雄极光,242459.308,140591.5224
300626.SZ,华瑞股份,516600.0,516317.305
300627.SZ,华测导航,2186595.3078,1810856.6226
300628.SZ,亿联网络,4858632.064,2783714.1345
300629.SZ,新劲刚,421134.195,363120.905
300631.SZ,久吾高科,240935.5078,234333.0277
300632.SZ,光莆股份,498972.0795,361654.806
300633.SZ,开立医疗,816962.5125,500203.6449
300634.SZ,彩讯股份,824813.5252,793851.958
300635.SZ,中达安,144074.406,123906.2118
300636.SZ,同和药业,275908.1355,241354.0089
300637.SZ,扬帆新材,206580.088,206349.264
300638.SZ,广和通,1766158.2276,1041801.2468
300639.SZ,凯普生物,358161.3734,349131.9889
300640.SZ,德艺文创,182242.1324,129358.9726
300641.SZ,正丹股份,727354.0032,727354.0032
300642.SZ,透景生命,193266.3093,164007.3696
300643.SZ,万通智控,434216.0625,433226.8125
300644.SZ,南京聚隆,218481.333,174132.6594
300645.SZ,正元智慧,165269.8595,162029.6252
300647.SZ,超频三,227288.537,226951.1237
300648.SZ,星云股份,554563.4148,422209.7158
300649.SZ,杭州园林,270791.947,217003.13
300650.SZ,太龙股份,247679.0676,174774.2778
300651.SZ,金陵体育,230877.8595,169021.8855
300652.SZ,雷迪克,367890.999,330181.9682
300653.SZ,正海生物,250380.0,250380.0
300654.SZ,世纪天鸿,434224.0128,418226.5332
300655.SZ,晶瑞电材,1400396.7395,1394014.6803
300656.SZ,民德电子,396496.8567,307924.4343
300657.SZ,弘信电子,1515802.8864,1472976.2616
300658.SZ,延江股份,326774.3462,216868.7098
300659.SZ,中孚信息,244768.856,177884.472
300660.SZ,江苏雷利,1457843.97,1456967.1732
300661.SZ,圣邦股份,6511308.9769,5715799.0736
300662.SZ,科锐国际,384559.7056,383443.5808
300663.SZ,科蓝软件,428693.2608,412507.648
300664.SZ,鹏鹞环保,332764.2526,320529.5158
300665.SZ,飞鹿股份,187993.8333,178550.9271
300666.SZ,江丰电子,6154707.4722,4931324.5716
300667.SZ,必创科技,270938.1964,228562.782
300668.SZ,杰恩股份,452392.9254,374649.6762
300669.SZ,沪宁股份,393311.9255,372482.2959
300670.SZ,大烨智能,171770.911,121784.2564
300671.SZ,富满微,1407353.9805,1403265.1581
300672.SZ,国科微,2957370.255,2865220.1494
300673.SZ,佩蒂股份,287369.4558,186456.0306
300674.SZ,宇信科技,1098328.92,1096698.564
300675.SZ,建科院,169400.0385,169400.0385
300676.SZ,华大基因,1547773.27,1539333.2
300677.SZ,英科医疗,3005317.647,2137164.588
300678.SZ,中科信息,701842.7584,689554.9696
300679.SZ,电连技术,1664444.76,1408291.1897
300680.SZ,隆盛科技,601757.0394,463144.0176
300681.SZ,英搏尔,619456.1296,467128.6752
300682.SZ,朗新科技,1101956.9876,1054013.4346
300683.SZ,海特生物,337053.08,314314.8
300684.SZ,中石科技,1415181.0787,966617.7113
300685.SZ,艾德生物,658107.4724,657207.2892
300686.SZ,智动力,320046.5176,208396.3892
300687.SZ,赛意信息,849904.5396,680301.3748
300688.SZ,创业黑马,466654.046,413679.258
300689.SZ,澄天伟业,584473.6,514417.1584
300690.SZ,双一科技,341280.336,228800.1792
300691.SZ,联合光电,339001.362,278130.006
300692.SZ,中赋科技,465564.6108,424848.456
300693.SZ,盛弘股份,1060690.5578,911680.523
300694.SZ,蠡湖股份,212946.0624,212665.0059
300695.SZ,兆丰股份,453304.8377,453304.8377
300696.SZ,爱乐达,569077.566,516559.2158
300697.SZ,电工合金,587525.12,449823.92
300698.SZ,万马科技,314900.0,278582.865
300699.SZ,光威复材,2083368.112,2058455.7154
300700.SZ,岱勒新材,565369.0112,385349.0672
300701.SZ,森霸传感,241568.6112,216727.2288
300702.SZ,天宇股份,698738.2176,422503.28
300703.SZ,创源股份,220258.5099,203018.7225
300705.SZ,九典制药,526806.6336,389553.5592
300706.SZ,阿石创,728529.7435,540125.7225
300707.SZ,威唐工业,192272.0922,158369.1812
300708.SZ,聚灿光电,691458.8405,528809.1524
300709.SZ,精研科技,644854.329,517711.3655
300710.SZ,万隆光电,264644.198,198382.8
300711.SZ,广哈通信,408591.8018,361956.2362
300712.SZ,永福股份,384281.9589,382629.4404
300713.SZ,英可瑞,190450.1192,107199.3527
300715.SZ,凯伦股份,444215.2125,367726.4725
300716.SZ,*ST泉为,280035.0,280035.0
300717.SZ,华信新材,172662.0,171113.712
300718.SZ,长盛轴承,1679137.98,1105214.026
300719.SZ,安达维尔,279649.81,197554.61
300720.SZ,海川智能,1066562.9156,1007826.6796
300721.SZ,怡达股份,338430.4804,284036.0401
300722.SZ,新余国科,577867.572,577867.572
300723.SZ,一品红,1556533.3888,1444524.6048
300724.SZ,捷佳伟创,1951828.368,1612351.4976
300725.SZ,药石科技,876777.375,760175.25
300726.SZ,宏达电子,1968594.244,1025015.552
300727.SZ,润禾材料,468354.64,421483.4
300729.SZ,乐歌股份,335805.9722,322507.0635
300730.SZ,科创信息,273692.765,234667.379
300731.SZ,科创新源,595676.256,565323.024
300732.SZ,设研院,205660.8555,205433.028
300733.SZ,西菱动力,478302.3738,352658.3994
300735.SZ,光弘科技,1509000.221,1412582.332
300736.SZ,百邦科技,342608.0554,333966.685
300737.SZ,科顺股份,534033.2803,426732.2332
300738.SZ,奥飞数据,2098484.52,2097824.22
300739.SZ,明阳电路,763342.4288,619282.3308
300740.SZ,水羊股份,792329.7246,734993.9737
300741.SZ,华宝股份,768618.3648,768614.1216
300743.SZ,天地数码,203823.3964,171749.8932
300745.SZ,欣锐科技,453106.752,382533.312
300746.SZ,汉嘉数智,267274.2656,264677.872
300747.SZ,锐科激光,1811721.6,1683900.7054
300748.SZ,金力永磁,3328926.106,2734676.714
300749.SZ,顶固集创,352275.8598,270248.2452
300750.SZ,宁德时代,180837433.4214,166509525.966
300751.SZ,迈为股份,4692801.6868,3244880.6392
300752.SZ,隆利科技,327389.673,226296.408
300753.SZ,爱朋医疗,327472.704,228348.612
300755.SZ,华致酒行,445974.288,445741.563
300756.SZ,金马游乐,579394.075,504181.496
300757.SZ,罗博特科,6771367.24,6567698.72
300758.SZ,七彩化学,389536.8256,351108.0944
300759.SZ,康龙化成,6930233.7392,5356360.704
300760.SZ,迈瑞医疗,18252092.7453,18236404.8063
300761.SZ,立华股份,1547950.9217,1165220.0516
300762.SZ,上海瀚讯,1798494.0512,1798494.0512
300763.SZ,锦浪科技,2410661.0496,1947578.1088
300765.SZ,石药创新,5463866.381,5463866.381
300766.SZ,每日互动,826211.1221,749153.5597
300767.SZ,震安科技,423277.812,367514.2376
300768.SZ,迪普科技,1055879.56,689895.028
300769.SZ,德方纳米,1200325.8204,1078529.13
300770.SZ,新媒股份,768955.275,768955.275
300771.SZ,智莱科技,253680.0,188751.7667
300772.SZ,运达股份,905661.7027,803254.7005
300773.SZ,拉卡拉,1601638.4157,1515143.5611
300774.SZ,倍杰特,383829.0767,191628.75
300775.SZ,三角防务,1107152.904,1074982.9568
300776.SZ,帝尔激光,3125884.8855,1965083.4957
300777.SZ,中简科技,1034192.04,993452.5776
300778.SZ,新城市,191236.4583,191185.3767
300779.SZ,惠城环保,2288973.5221,1748997.9979
300780.SZ,德恩精工,270166.14,198075.9702
300781.SZ,因赛集团,406005.7642,299573.0375
300782.SZ,卓胜微,3955910.56,3083942.8
300783.SZ,三只松鼠,683268.5664,476760.3624
300784.SZ,利安科技,206673.18,61795.125
300785.SZ,值得买,663778.9914,408351.8934
300786.SZ,国林科技,257622.26,204951.88
300787.SZ,海能实业,244477.818,153295.506
300788.SZ,中信出版,450468.9035,450468.9035
300789.SZ,唐源电气,237638.7132,140973.2548
300790.SZ,宇瞳光学,858429.39,754288.824
300791.SZ,仙乐健康,498537.0955,415712.628
300792.SZ,壹网壹创,543296.0178,487496.8152
300793.SZ,佳禾智能,409848.9036,400739.0991
300795.SZ,米奥会展,404702.3406,235575.9608
300796.SZ,贝斯美,224992.0267,224992.0267
300797.SZ,钢研纳克,446261.0812,445055.6704
300798.SZ,锦鸡股份,345206.54,283992.52
300800.SZ,力合科技,208111.161,205955.4135
300801.SZ,泰和科技,514839.51,322624.7458
300802.SZ,矩子科技,641164.6215,456725.8316
300803.SZ,指南针,4506971.9329,4474062.0272
300804.SZ,广康生化,273874.0,101777.5
300805.SZ,电声股份,331913.8004,225490.7948
300806.SZ,斯迪克,2614144.0875,1883758.8
300807.SZ,天迈科技,238138.6,181790.0
300808.SZ,久量股份,275360.0,204626.2116
300809.SZ,华辰装备,634608.6176,376875.4585
300810.SZ,中科海讯,268327.65,259132.2285
300811.SZ,铂科新材,2425050.0708,1989332.1588
300812.SZ,易天股份,339266.667,307835.681
300813.SZ,泰林生物,219128.1536,137500.3888
300814.SZ,中富电路,2314581.3391,2314581.3391
300815.SZ,玉禾田,629775.36,616800.874
300816.SZ,艾可蓝,373120.0,272215.7592
300817.SZ,双飞集团,310201.8843,177996.3073
300818.SZ,耐普矿机,429593.8152,278289.1694
300819.SZ,聚杰微纤,634569.2903,573144.0619
300820.SZ,英杰电气,1071468.1702,539039.8072
300821.SZ,东岳硅材,1822800.1519,1822482.2252
300822.SZ,贝仕达克,331162.9806,307187.866
300823.SZ,建科智能,173683.0602,112430.7444
300824.SZ,北鼎股份,239534.8078,232307.5502
300825.SZ,阿尔特,593361.7195,580900.9921
300826.SZ,测绘股份,264278.76,254232.2994
300827.SZ,上能电气,1336059.84,1047696.72
300828.SZ,锐新科技,237650.616,178027.4248
300829.SZ,金丹科技,307730.4854,212230.5636
300830.SZ,金现代,349118.3384,260566.5504
300831.SZ,ST派瑞,470080.0,271007.2898
300832.SZ,新产业,3743164.2917,3254394.58
300833.SZ,浩洋股份,411726.5775,264480.7935
300834.SZ,星辉环材,743080.5861,736505.3023
300835.SZ,龙磁科技,1532926.6125,1074361.767
300836.SZ,佰奥智能,547030.4112,374482.4902
300837.SZ,浙矿股份,206014.008,155724.258
300838.SZ,浙江力诺,163089.996,120259.7532
300839.SZ,博汇股份,288133.9,283181.4
300840.SZ,酷特智能,381360.0,281388.2239
300841.SZ,康华生物,569167.422,520861.278
300842.SZ,帝科股份,768529.613,683052.206
300843.SZ,胜蓝股份,1908506.3135,1871103.1477
300844.SZ,山水比德,191082.345,184194.345
300845.SZ,捷安高科,202350.8424,141481.3896
300846.SZ,首都在线,932910.785,769936.885
300847.SZ,中船汉光,432174.6,432174.6
300848.SZ,美瑞新材,538282.6008,318428.105
300849.SZ,锦盛新材,264450.0,194405.8337
300850.SZ,新强联,1214513.6514,882202.9916
300851.SZ,交大思诺,184820.4084,104895.5644
300852.SZ,四会富仕,597941.47,577212.2175
300853.SZ,申昊科技,307123.619,205476.469
300854.SZ,中兰环保,191968.1918,156496.1876
300855.SZ,图南股份,1045785.286,774575.9284
300856.SZ,科思股份,502801.3704,485940.5292
300857.SZ,协创数据,10433708.523,10380342.06
300858.SZ,科拓生物,357562.9864,265619.4514
300859.SZ,西域旅游,389825.0,389825.0
300860.SZ,锋尚文化,441539.9901,256363.7967
300861.SZ,美畅股份,1040009.094,653046.8652
300862.SZ,蓝盾光电,,
300863.SZ,卡倍亿,905772.483,870131.8395
300864.SZ,南大环境,278396.5641,278396.5641
300865.SZ,大宏立,198823.04,119448.0116
300866.SZ,安克创新,6901643.744,3641783.904
300867.SZ,圣元环保,428263.816,302005.4128
300868.SZ,杰美特,1004711.73,637990.57
300869.SZ,康泰医学,428724.868,281405.1383
300870.SZ,欧陆通,2802687.3035,2802378.8387
300871.SZ,回盛生物,422536.5336,422536.5336
300872.SZ,天阳科技,693131.962,599299.214
300873.SZ,海晨股份,505927.947,367266.96
300875.SZ,捷强装备,318073.6728,279704.3562
300876.SZ,蒙泰高新,204034.4592,152186.5576
300877.SZ,金春股份,260880.2174,260877.826
300878.SZ,维康药业,395277.792,393458.52
300879.SZ,大叶股份,310277.3604,308176.5372
300880.SZ,迦南智能,337587.529,337551.545
300881.SZ,盛德鑫泰,345510.3141,180313.1883
300882.SZ,万胜智能,401826.4848,373923.108
300883.SZ,龙利得,177498.0,169636.0698
300884.SZ,狄耐克,275695.0008,207871.1514
300885.SZ,海昌新材,472729.179,318168.909
300886.SZ,华业香料,162780.9227,102389.4498
300887.SZ,谱尼测试,383107.5144,254262.4344
300888.SZ,稳健医疗,1719181.479,1711484.589
300889.SZ,爱克股份,382094.0185,253946.745
300890.SZ,翔丰华,295243.02,269858.2434
300891.SZ,惠云钛业,259205.4432,216091.3464
300892.SZ,品渥食品,207100.0,133708.9375
300893.SZ,松原安全,715177.9142,379328.8136
300894.SZ,火星人,388812.7353,281433.7944
300895.SZ,铜牛信息,692880.2447,679945.8883
300896.SZ,爱美客,3198397.44,2161050.241
300897.SZ,山科智能,313745.7726,195854.2722
300898.SZ,熊猫乳品,232872.0,215488.293
300899.SZ,上海凯鑫,158693.348,101849.0168
300900.SZ,广联航空,721968.0412,565697.355
300901.SZ,中胤时尚,365520.0,365520.0
300902.SZ,国安达,262160.3586,179954.9668
300903.SZ,科翔股份,2511309.6954,1907406.0941
300904.SZ,威力传动,270061.8386,81405.1891
300905.SZ,宝丽迪,657166.6347,512641.2002
300906.SZ,日月明,199360.0,180054.5383
300907.SZ,康平科技,357024.0,357024.0
300908.SZ,仲景食品,337552.0,285308.892
300909.SZ,汇创达,708324.435,500454.4545
300910.SZ,瑞丰新材,1087457.0897,761635.8479
300911.SZ,亿田智能,336250.3284,314243.979
300912.SZ,凯龙高科,260682.3072,196794.9438
300913.SZ,兆龙互连,1119523.0726,933600.1438
300915.SZ,海融科技,233054.3836,106562.7836
300916.SZ,朗特智能,272220.008,175808.5356
300917.SZ,特发服务,420303.0,420303.0
300918.SZ,南山智尚,484370.6208,484370.6208
300919.SZ,中伟新材,4206065.3874,3683528.3106
300920.SZ,润阳科技,354770.0,235646.1481
300921.SZ,南凌科技,346092.7992,218220.8452
300922.SZ,天秦装备,250286.3344,196384.316
300923.SZ,研奥股份,154920.6,150439.7286
300925.SZ,法本信息,610910.325,498070.9875
300926.SZ,博俊科技,726193.4064,498244.296
300927.SZ,江天化学,293628.24,286487.2728
300928.SZ,华安鑫创,184640.0,123681.5656
300929.SZ,华骐环保,180229.412,170991.5856
300930.SZ,屹通新材,223400.0,105277.25
300931.SZ,通用电梯,274783.23,220916.582
300932.SZ,三友联众,394816.2736,281207.5353
300933.SZ,中辰股份,328801.3905,328801.3905
300935.SZ,盈建科,178321.9215,135282.5775
300936.SZ,中英科技,455411.2,287182.7872
300937.SZ,药易购,225295.0785,143619.675
300938.SZ,信测标准,932598.432,809445.8736
300939.SZ,秋田微,543480.0,543480.0
300940.SZ,南极光,288547.1424,204093.3024
300941.SZ,创识科技,280712.25,169700.5977
300942.SZ,易瑞生物,237375.6494,237375.6494
300943.SZ,春晖智控,465932.52,305010.9216
300945.SZ,曼卡龙,282775.2564,257561.4002
300946.SZ,恒而达,590489.523,286919.2755
300947.SZ,德必集团,190433.502,190357.902
300948.SZ,冠中生态,274181.0845,258794.7236
300949.SZ,奥雅股份,168432.0,96289.864
300950.SZ,德固特,230158.712,146876.653
300951.SZ,博硕科技,925943.6796,827521.7904
300952.SZ,恒辉安防,381037.1055,234307.8214
300953.SZ,震裕科技,2209626.6251,1588230.4646
300955.SZ,嘉亨家化,,
300956.SZ,英力股份,211334.5737,206453.8044
300957.SZ,贝泰妮,1384748.4,1384748.4
300958.SZ,建工修复,172253.5234,100063.2906
300959.SZ,线上线下,752724.8148,490105.9212
300960.SZ,通业科技,213363.738,193421.718
300961.SZ,深水海纳,169834.24,145545.9702
300962.SZ,中金辐照,324986.3389,324986.3389
300963.SZ,中洲特材,521473.68,316471.7841
300964.SZ,本川智能,522329.7248,383286.6544
300965.SZ,恒宇信通,243000.405,219079.89
300966.SZ,共同药业,258806.0695,172116.7415
300967.SZ,晓鸣股份,271608.4552,180705.6216
300968.SZ,格林精密,434875.76,434875.76
300969.SZ,恒帅股份,1179857.9611,562721.1317
300970.SZ,华绿生物,242951.0218,187517.7986
300971.SZ,博亚精工,202742.4,159043.8272
300972.SZ,万辰集团,4049680.1392,3720661.1742
300973.SZ,立高食品,401168.1183,280877.6422
300975.SZ,商络电子,1689346.7704,1210008.2447
300976.SZ,达瑞电子,962045.612,618801.0919
300977.SZ,深圳瑞捷,217379.7276,135377.3988
300978.SZ,东箭科技,344925.4032,234264.7872
300979.SZ,华利集团,4191864.3592,4191836.7008
300980.SZ,祥源新材,277234.9216,197469.5312
300981.SZ,中红医疗,459314.415,420900.2154
300982.SZ,苏文电能,298443.6742,279599.6182
300983.SZ,尤安设计,624499.2,385878.3448
300984.SZ,金沃股份,617773.167,398134.695
300985.SZ,致远新能,590685.0875,590685.0875
300986.SZ,志特新材,581480.129,581070.17
300987.SZ,川网传媒,214802.952,214802.952
300988.SZ,津荣天宇,278695.7115,229373.764
300989.SZ,蕾奥规划,208849.9387,161319.0318
300990.SZ,同飞股份,1409283.8346,640074.6609
300991.SZ,创益通,357552.0,228788.586
300992.SZ,泰福泵业,194413.02,159095.52
300993.SZ,玉马科技,289335.1968,227102.1267
300994.SZ,久祺股份,235651.968,117947.304
300995.SZ,奇德新材,224290.0415,147876.8195
300996.SZ,普联软件,,
300997.SZ,欢乐家,652460.1,591886.95
300998.SZ,宁波方正,312334.4961,245188.7262
300999.SZ,金龙鱼,14085294.717,1409797.1658
301000.SZ,肇民科技,556731.9534,525583.2414
301001.SZ,凯淳股份,170320.0,107088.7
301002.SZ,崧盛股份,370806.0516,233539.3296
301003.SZ,江苏博云,457595.4474,353986.4244
301004.SZ,嘉益股份,521257.5225,486583.955
301005.SZ,超捷股份,1208429.5566,1183810.9869
301006.SZ,迈拓股份,164768.24,99160.1247
301007.SZ,德迈仕,411717.9,406307.8935
301008.SZ,宏昌科技,407426.5152,359758.2177
301009.SZ,可靠股份,224012.64,124452.84
301010.SZ,晶雪节能,161460.0,161460.0
301011.SZ,华立科技,214540.9119,203726.7135
301012.SZ,扬电科技,503430.2712,503430.2712
301013.SZ,利和兴,855265.637,692435.0144
301015.SZ,百洋医药,1222076.0325,1221919.095
301016.SZ,雷尔伟,358044.96,343307.8079
301017.SZ,漱玉平民,502547.1969,320523.2289
301018.SZ,申菱环境,2944845.2684,2225250.5772
301019.SZ,宁波色母,280701.7498,205818.0206
301020.SZ,密封科技,263080.8,263080.8
301021.SZ,英诺激光,943055.03,942007.5338
301022.SZ,海泰科,211503.1966,141944.7286
301023.SZ,奕帆传动,249352.6432,138315.2784
301024.SZ,霍普股份,180009.135,174276.36
301025.SZ,读客文化,313041.9508,216731.8474
301026.SZ,浩通科技,372925.1668,269335.2024
301027.SZ,华蓝集团,285180.0,235112.674
301028.SZ,鼎熔岩,446592.0468,289693.4844
301029.SZ,怡合达,1512536.5593,1077360.6012
301030.SZ,*ST仕净,165347.1561,165120.3569
301031.SZ,中熔电气,1131234.282,889315.938
301032.SZ,新柴股份,222807.2616,147722.4672
301033.SZ,迈普医学,394386.3354,331472.4634
301035.SZ,润丰股份,1988376.4115,1985414.3465
301036.SZ,双乐股份,193000.0,135937.813
301037.SZ,保立佳,153351.9651,75001.5734
301038.SZ,深水规院,340420.08,340420.08
301039.SZ,中集车辆,1448698.1612,1122726.4575
301040.SZ,中环海陆,224202.4662,211564.5364
301041.SZ,金百泽,228401.88,169077.5533
301042.SZ,安联锐视,260523.9532,248339.692
301043.SZ,绿岛风,259760.382,216776.596
301045.SZ,天禄科技,662571.7098,418714.296
301046.SZ,能辉科技,290139.0875,224065.595
301047.SZ,义翘神州,823967.0058,810038.9844
301048.SZ,金鹰重工,460266.7242,460266.7242
301049.SZ,超越科技,163906.6626,74475.1096
301050.SZ,雷电微力,722188.5264,615110.9987
301051.SZ,信濠光电,368117.736,292459.0445
301052.SZ,果麦文化,216325.0298,175308.2374
301053.SZ,远信工业,518705.2782,481686.309
301055.SZ,张小泉,454896.0,445179.0132
301056.SZ,森赫股份,248645.1112,164028.0856
301057.SZ,汇隆新材,228090.525,157983.735
301058.SZ,中粮科工,421850.43,414942.102
301059.SZ,金三江,245716.702,219556.9098
301060.SZ,兰卫医学,339237.899,305060.9408
301061.SZ,匠心家居,1008473.8896,669975.921
301062.SZ,上海艾录,251742.7101,159920.9472
301063.SZ,海锅股份,165098.6274,152896.0286
301065.SZ,本立科技,182354.4,148414.5
301066.SZ,万事利,265932.9492,263888.1044
301067.SZ,显盈科技,237450.312,155870.1738
301068.SZ,大地海洋,350462.936,248797.32
301069.SZ,凯盛新材,715562.0618,673876.4618
301070.SZ,开勒股份,711749.7904,478435.2099
301071.SZ,力量钻石,1422377.177,1045604.469
301072.SZ,中捷精工,354530.25,226597.1625
301073.SZ,君亭酒店,337761.5607,308822.6196
301075.SZ,多瑞医药,386240.0,386240.0
301076.SZ,新瀚新材,462271.407,309057.7908
301077.SZ,星华新材,316660.722,177762.804
301078.SZ,孩子王,896633.0214,895702.8134
301079.SZ,邵阳液压,282857.6816,200642.3072
301080.SZ,百普赛斯,874949.3246,661837.3236
301081.SZ,严牌股份,248203.737,238400.415
301082.SZ,久盛电气,254778.932,236165.0414
301083.SZ,百胜智能,218776.041,105300.177
301085.SZ,亚康股份,528289.8528,358654.4296
301086.SZ,鸿富瀚,1313518.7912,728024.7524
301087.SZ,可孚医疗,1244356.675,1023303.9493
301088.SZ,戎美股份,254564.3,209996.0
301089.SZ,拓新药业,287635.6485,205638.5373
301090.SZ,华润材料,907036.2384,906088.7503
301091.SZ,深城交,809374.8,809374.8
301092.SZ,争光股份,547155.0651,247840.5398
301093.SZ,华兰股份,1340170.2432,1279507.392
301095.SZ,广立微,1353699.9549,1169444.2077
301096.SZ,百诚医药,422604.2927,321475.21
301097.SZ,天益医疗,253968.4528,121888.3264
301098.SZ,金埔园林,160858.9315,134125.7565
301099.SZ,雅创电子,866979.1195,527617.9805
301100.SZ,风光股份,306871.175,135308.675
301101.SZ,明月镜片,558390.0291,537859.6901
301102.SZ,兆讯传媒,365400.0,365400.0
301103.SZ,何氏眼科,239252.121,184153.2704
301105.SZ,鸿铭股份,216800.0,85907.0
301106.SZ,骏成科技,216442.6512,216442.6512
301107.SZ,瑜欣电子,251389.7984,145348.5176
301108.SZ,洁雅股份,368621.555,212329.385
301109.SZ,军信股份,1091326.4064,863391.4104
301110.SZ,青木科技,453293.3506,318823.6315
301111.SZ,粤万年青,288000.0,288000.0
301112.SZ,信邦智能,314259.81,314259.81
301113.SZ,雅艺科技,165028.5,99971.559
301115.SZ,联检科技,421740.2202,342866.6556
301116.SZ,益客食品,374448.9864,374446.4844
301117.SZ,佳缘科技,301092.1065,192898.575
301118.SZ,恒光股份,209321.011,201379.3934
301119.SZ,正强股份,273873.6,221495.274
301120.SZ,新特电气,519018.1269,306296.809
301121.SZ,紫建电子,316144.374,161842.5284
301122.SZ,采纳股份,400843.6503,248025.8553
301123.SZ,奕东电子,1481282.32,1041907.6208
301125.SZ,腾亚精工,234804.96,208123.4016
301126.SZ,达嘉维康,177262.9616,118980.3429
301127.SZ,武汉天源,939660.9682,912264.8256
301128.SZ,强瑞技术,1420517.8002,1420517.8002
301129.SZ,瑞纳智能,262767.5516,130491.815
301130.SZ,西点药业,173872.419,134146.4593
301131.SZ,聚赛龙,162402.2875,116329.2079
301132.SZ,满坤科技,412420.067,263835.304
301133.SZ,金钟股份,278523.1431,254834.848
301135.SZ,瑞德智能,189232.2162,147234.8178
301136.SZ,招标股份,291717.088,291391.138
301137.SZ,哈焊华通,570166.8224,570166.8224
301138.SZ,华研精机,289800.0,165572.6415
301139.SZ,*ST元道,37933.2096,23764.1352
301141.SZ,中科磁业,432997.8066,155393.4866
301148.SZ,嘉戎技术,498840.5822,252094.6142
301149.SZ,隆华新材,399126.0714,242839.1112
301150.SZ,中一科技,1135607.0734,1065259.534
301151.SZ,冠龙节能,280715.8101,280449.5518
301152.SZ,天力锂能,239973.54,143448.9632
301153.SZ,中科江南,586846.425,547391.295
301155.SZ,海力风电,879565.6044,498703.0818
301156.SZ,美农生物,187778.6226,120253.0482
301157.SZ,华塑科技,290820.0,100128.3566
301158.SZ,德石股份,297983.0728,290559.132
301159.SZ,三维天地,214104.8,146745.52
301160.SZ,翔楼新材,596346.405,396250.0194
301161.SZ,唯万密封,298080.0,191758.7763
301162.SZ,国能日新,686965.104,445763.552
301163.SZ,宏德股份,167688.0,112461.108
301165.SZ,锐捷网络,12851364.056,12851364.056
301166.SZ,优宁维,211112.825,138230.225
301167.SZ,建研设计,134512.0,126963.1145
301168.SZ,通灵股份,481200.0,382206.333
301169.SZ,零点有数,332178.7455,332033.499
301170.SZ,锡南科技,206400.0,78439.6368
301171.SZ,易点天下,1618669.457,1313432.2599
301172.SZ,君逸数码,360477.318,266635.0125
301173.SZ,毓恬冠佳,248835.9884,87337.7071
301175.SZ,中科环保,760961.96,321511.96
301176.SZ,逸豪新材,688439.6024,668026.2592
301177.SZ,迪阿股份,868595.665,868020.181
301178.SZ,天亿马,292160.9796,215541.6888
301179.SZ,泽宇智能,727529.0925,427217.525
301180.SZ,万祥科技,424810.62,174314.556
301181.SZ,标榜股份,302809.8528,236346.9696
301182.SZ,凯旺科技,507950.8317,463223.6442
301183.SZ,东田微,1299638.349,952684.77
301185.SZ,鸥玛软件,243473.7312,220065.1638
301186.SZ,超达装备,350311.9055,329367.1043
301187.SZ,欧圣电气,359456.235,359456.235
301188.SZ,力诺药包,951092.613,951092.613
301189.SZ,奥尼电子,733925.4,708366.7305
301190.SZ,善水科技,387418.8825,258302.72
301191.SZ,菲菱科思,993194.25,748841.425
301192.SZ,泰祥股份,175250.0751,85183.8948
301193.SZ,家联科技,377702.192,288796.4352
301195.SZ,北路智控,320401.3348,212735.4548
301196.SZ,唯科科技,1141447.3434,749287.9107
301197.SZ,工大科雅,272420.626,245773.418
301198.SZ,喜悦智行,172380.0,158665.488
301199.SZ,迈赫股份,315109.088,303292.9192
301200.SZ,大族数控,11556232.3296,10049226.7792
301201.SZ,诚达药业,436292.916,306094.926
301202.SZ,朗威股份,435116.0,253979.825
301203.SZ,国泰环保,244800.0,134158.05
301205.SZ,联特科技,2822833.65,1817270.84
301206.SZ,三元生物,457053.7563,294292.5804
301207.SZ,华兰疫苗,1022948.9752,1022303.2364
301208.SZ,中亦科技,329160.2743,181235.7703
301209.SZ,联合化学,658560.0,562616.04
301210.SZ,金杨精密,351326.838,134175.73
301211.SZ,亨迪药业,444326.4,444321.2928
301212.SZ,联盛化学,215568.0,187125.0
301213.SZ,观想科技,430080.0,277998.72
301215.SZ,中汽股份,672541.2,671779.2
301216.SZ,万凯新材,913241.7256,857217.3992
301217.SZ,铜冠铜箔,7267149.873,7267149.873
301218.SZ,华是科技,447949.12,275230.2464
301219.SZ,腾远钴业,1657659.529,1183129.633
301220.SZ,亚香股份,295400.0366,203936.6994
301221.SZ,光庭信息,332179.9584,225853.5424
301222.SZ,浙江恒威,324181.242,246246.231
301223.SZ,中荣股份,304948.4804,304948.4804
301225.SZ,恒勃股份,731988.376,223459.04
301226.SZ,祥明智能,299200.0,299200.0
301227.SZ,森鹰窗业,224531.8012,126235.5472
301228.SZ,实朴检测,729960.0,726555.3449
301229.SZ,纽泰格,197777.184,140657.2928
301230.SZ,泓博医药,444029.4594,399383.3466
301231.SZ,荣信文化,194035.6,150425.869
301232.SZ,飞沃科技,1125314.7312,668327.7888
301233.SZ,盛帮股份,211855.5936,116238.2472
301234.SZ,五洲医疗,528700.0,312326.415
301235.SZ,华康洁净,510450.2039,380867.7902
301236.SZ,软通动力,3653183.0397,2772768.1197
301237.SZ,和顺科技,391760.0,285250.25
301238.SZ,瑞泰新材,1144733.2813,1144733.2813
301239.SZ,普瑞眼科,465464.709,441898.884
301246.SZ,宏源药业,763613.1721,324677.9475
301248.SZ,杰创智能,849527.535,620840.7249
301251.SZ,威尔高,561732.4539,225181.7163
301252.SZ,同星科技,466554.5381,374144.3093
301255.SZ,通力科技,283010.56,248371.6802
301256.SZ,华融化学,447840.0,447840.0
301257.SZ,普蕊斯,337666.5152,321912.9786
301258.SZ,富士莱,214232.79,208144.905
301259.SZ,艾布鲁,470948.4,302013.6708
301260.SZ,格力博,600327.4987,255025.0391
301261.SZ,恒工精密,549067.9698,544440.877
301262.SZ,海看股份,770199.0,225473.2638
301263.SZ,泰恩康,1012513.851,722413.4439
301265.SZ,华新科技,546866.5935,440299.2672
301266.SZ,宇邦新材,272509.397,258515.3544
301267.SZ,华厦眼科,1324680.0,1022596.8188
301268.SZ,铭利达,494246.4471,447006.1482
301269.SZ,华大九天,4897998.924,4897998.924
301270.SZ,汉仪股份,290000.0,274029.12
301272.SZ,英华特,175799.4115,111226.469
301273.SZ,瑞晨环保,395176.09,303303.564
301275.SZ,汉朔科技,1736486.4,1236832.1712
301276.SZ,嘉曼服饰,237168.0,132249.708
301277.SZ,新天地,383060.5968,383060.5968
301278.SZ,快可电子,226064.664,129533.04
301279.SZ,金道科技,276886.0821,214411.0071
301280.SZ,珠城科技,706031.7414,366610.9458
301281.SZ,科源制药,384321.21,251808.648
301282.SZ,金禄电子,468273.258,392002.938
301283.SZ,聚胶股份,281375.2923,221185.47
301285.SZ,鸿日达,1451443.41,1451443.41
301286.SZ,侨源股份,1484771.1,598538.2836
301287.SZ,康力源,214144.3612,54704.8568
301288.SZ,清研环境,157154.55,113649.468
301289.SZ,国缆检测,319098.0,317056.1819
301290.SZ,东星医疗,259448.847,206108.315
301291.SZ,明阳电气,1191792.8178,620058.1041
301292.SZ,海科新源,1404727.519,537117.906
301293.SZ,三博脑科,1244779.441,1244779.441
301295.SZ,美硕科技,389995.2,113748.6
301296.SZ,新巨丰,260971.2451,260965.2878
301297.SZ,富乐德,2139167.1443,1627467.8214
301298.SZ,东利机械,161920.4,119326.0696
301299.SZ,卓创资讯,245198.2292,180997.5264
301300.SZ,远翔新材,180387.753,108388.698
301301.SZ,川宁生物,1886287.585,523884.8745
301302.SZ,华如科技,331992.45,296048.7
301303.SZ,真兰仪表,531848.8,132962.2
301305.SZ,朗坤科技,493116.1186,253428.4671
301306.SZ,西测测试,710310.4,490337.2
301307.SZ,美利信,1135134.0,586331.207
301308.SZ,江波龙,13961013.0,9301112.7
301309.SZ,万得凯,285718.7648,172170.9178
301310.SZ,鑫宏业,1116154.186,356462.5855
301311.SZ,昆船智能,315600.0,315600.0
301312.SZ,智立方,1041456.072,523902.702
301313.SZ,凡拓数创,326602.3838,247993.4469
301314.SZ,科瑞思,196690.0,64996.344
301315.SZ,威士顿,309320.0,309320.0
301316.SZ,慧博云通,1431572.747,1387754.5278
301317.SZ,鑫磊股份,697294.84,231544.5612
301318.SZ,维海德,256932.5826,176951.0893
301319.SZ,唯特偶,1663014.903,1253319.1046
301320.SZ,豪江智能,213679.74,134081.6008
301321.SZ,翰博高新,630709.605,499384.5897
301322.SZ,绿通科技,474330.8675,319907.2275
301323.SZ,新莱福,770924.9652,495914.0091
301325.SZ,曼恩斯特,410238.0877,410238.0877
301326.SZ,捷邦科技,601018.3802,595771.1234
301327.SZ,华宝新能,780879.9092,780879.9092
301328.SZ,维峰电子,839433.1476,606684.4788
301329.SZ,信音电子,301764.6,117088.92
301330.SZ,熵基科技,540367.2736,446162.3936
301331.SZ,恩威医药,205577.9902,205069.1456
301332.SZ,德尔玛,353556.875,202867.5932
301333.SZ,诺思格,461368.6599,460782.1303
301335.SZ,天元宠物,256873.779,177667.719
301336.SZ,趣睡科技,183430.503,141946.2906
301337.SZ,亚华电子,230803.0,225783.367
301338.SZ,凯格精机,1296398.88,944580.105
301339.SZ,通行宝,626054.5746,614814.2
301345.SZ,涛涛车业,2625136.577,843269.9681
301348.SZ,蓝箭电子,432960.0,279871.1168
301349.SZ,信德新材,558166.6245,440725.9554
301353.SZ,普莱得,195733.0429,62914.2529
301355.SZ,南王科技,175588.11,125746.11
301356.SZ,天振股份,368064.0,215892.54
301357.SZ,北方长龙,870128.0,870128.0
301358.SZ,湖南裕能,5346643.8319,4820626.7872
301359.SZ,东南电子,176178.016,104301.502
301360.SZ,荣旗科技,322130.145,157195.6089
301361.SZ,众智科技,317364.608,153684.608
301362.SZ,民爆光电,1649029.1653,462634.1653
301363.SZ,美好医疗,1351551.6264,886407.4494
301365.SZ,矩阵股份,642879.0912,435092.7744
301366.SZ,一博科技,800218.7478,446809.2516
301367.SZ,瑞迈特,562150.6541,440171.1104
301368.SZ,丰立智能,456740.3,456740.3
301369.SZ,联动科技,1356497.7943,727245.5428
301370.SZ,国科恒泰,399068.8,399068.8
301371.SZ,敷尔佳,1268013.552,189650.5572
301372.SZ,科净源,185348.4942,111283.5912
301373.SZ,凌玮科技,886108.5849,333157.1439
301376.SZ,致欧科技,761471.348,366372.3668
301377.SZ,鼎泰高科,15808819.1845,3685634.4805
301378.SZ,通达海,221697.0,105373.7775
301379.SZ,天山电子,584931.4236,460976.8076
301380.SZ,挖金客,309246.82,246252.73
301381.SZ,赛维时代,925566.1173,924705.4113
301382.SZ,蜂助手,1000149.8378,827722.214
301383.SZ,天键股份,335546.565,145111.9755
301386.SZ,未来电器,261940.0,84195.0
301387.SZ,光大同创,541368.4848,215291.0344
301388.SZ,欣灵电气,221081.9208,156849.914
301389.SZ,隆扬电子,1320259.5,1320259.5
301390.SZ,经纬股份,165540.0,135346.0558
301391.SZ,卡莱特,418065.12,408476.64
301392.SZ,汇成真空,1570400.0,640658.8136
301393.SZ,昊帆生物,633528.0,257914.5282
301395.SZ,仁信新材,213708.352,112049.872
301396.SZ,宏景科技,3439223.4492,2264395.014
301397.SZ,溯联股份,521389.7246,238451.5031
301398.SZ,星源卓镁,357619.8508,348617.9855
301399.SZ,英特科技,273829.6,80931.728
301408.SZ,华人健康,546813.67,312987.4998
301413.SZ,安培龙,713680.1854,426095.0092
301418.SZ,协昌科技,241999.89,97139.79
301419.SZ,阿莱德,410550.2737,271396.2671
301421.SZ,波长光电,950276.216,380285.402
301428.SZ,世纪恒通,265018.7562,187019.465
301429.SZ,森泰股份,180049.06,67043.983
301439.SZ,泓淋电力,537738.6876,253247.2158
301446.SZ,福事特,345488.0,103214.54
301448.SZ,开创电气,418400.0,283532.0
301449.SZ,天溯计量,295643.6472,66519.853
301456.SZ,盘古智能,323341.8518,145741.1268
301458.SZ,钧崴电子,907200.1134,399673.764
301459.SZ,丰茂股份,316217.9066,79262.663
301468.SZ,博盈特焊,478519.9749,275837.1186
301469.SZ,恒达新材,218599.64,112521.4041
301479.SZ,弘景光电,562848.2285,322208.7671
301486.SZ,致尚科技,1751655.1087,991568.6641
301487.SZ,盟固利,721597.748,428286.58
301488.SZ,豪恩汽电,973561.92,398907.84
301489.SZ,思泉新材,1170263.5031,700191.5904
301491.SZ,汉桑科技,481170.373,106616.455
301498.SZ,乖宝宠物,1635931.388,732614.521
301499.SZ,维科精密,307755.4074,307755.4074
301500.SZ,飞南资源,1158074.8992,297320.6448
301501.SZ,恒鑫生活,400069.5,117667.5
301502.SZ,华阳智能,276912.0585,114420.537
301503.SZ,智迪科技,207480.0,115047.66
301505.SZ,苏州规划,167824.8,133745.5098
301507.SZ,民生健康,421803.8552,130215.0577
301508.SZ,中机认检,515248.1708,134088.1556
301509.SZ,金凯生科,327614.752,154335.248
301510.SZ,固高科技,980024.5,683940.285
301511.SZ,德福科技,4566682.89,2714201.9645
301512.SZ,智信精密,205184.3664,133886.1324
301515.SZ,港通医疗,167400.1674,113091.4224
301516.SZ,中远通,451929.737,112982.394
301517.SZ,陕西华达,557461.0564,359613.9006
301518.SZ,长华化学,329052.009,132868.749
301519.SZ,舜禹股份,168593.5447,79364.8947
301520.SZ,万邦医药,568531.2726,199525.6368
301522.SZ,上大股份,819594.2068,609889.1168
301525.SZ,儒竞科技,487346.7215,255275.8347
301526.SZ,国际复材,10886524.786,4054482.3023
301528.SZ,多浦乐,397704.405,204961.6653
301529.SZ,福赛科技,967048.7508,519085.6722
301533.SZ,威马农机,237902.214,68816.814
301535.SZ,浙江华远,710241.147,283559.487
301536.SZ,星宸科技,5009976.9562,2223855.9526
301538.SZ,骏鼎达,390416.32,155467.5775
301539.SZ,宏鑫科技,196100.0,99456.7525
301548.SZ,崇德科技,519564.0,156675.42
301550.SZ,斯菱智驱,2369573.9142,1450290.1406
301551.SZ,无线传媒,796419.91,307716.4167
301552.SZ,科力装备,277841.2,69460.3
301555.SZ,惠柏新材,262683.5796,137637.6456
301556.SZ,托普云农,459062.24,158690.84
301557.SZ,常友科技,450034.905,180439.105
301558.SZ,三态股份,497765.1703,138493.0789
301559.SZ,中集环科,762600.0,114390.0
301560.SZ,众捷汽车,265574.4,133355.04
301563.SZ,云汉芯城,964766.3073,218089.5729
301565.SZ,中仑新材,754418.86,241426.86
301566.SZ,达利凯普,868021.7,458058.356
301567.SZ,贝隆精密,224136.3113,66119.8087
301568.SZ,思泰克,657136.4576,302922.5816
301571.SZ,国科天成,1143840.1125,759687.075
301575.SZ,艾芬达,310261.5217,62319.204
301577.SZ,美信科技,224336.969,93866.8584
301578.SZ,辰奕智能,233154.131,66296.1009
301580.SZ,爱迪特,768180.8547,519026.9235
301581.SZ,黄山谷捷,268640.0,164132.324
301584.SZ,建发致新,889340.0235,113390.8873
301585.SZ,蓝宇股份,257920.0,168910.072
301586.SZ,佳力奇,242205.4845,154447.5009
301587.SZ,中瑞股份,297897.216,148521.966
301588.SZ,美新科技,396899.5842,244946.3688
301589.SZ,诺瓦星云,1201361.76,447872.675
301590.SZ,优优绿能,416183.1336,172289.9094
301591.SZ,肯特股份,288262.416,117815.2292
301592.SZ,六九一二,653870.0,218190.8144
301595.SZ,太力科技,374432.24,141198.785
301596.SZ,瑞迪智驱,442064.898,179406.7836
301598.SZ,博科测试,267157.6992,79596.3672
301600.SZ,慧翰股份,914580.625,282261.875
301601.SZ,惠通科技,204679.36,123087.36
301602.SZ,超研股份,614224.6464,298988.1396
301603.SZ,乔锋智能,1227404.64,383513.13
301606.SZ,绿联科技,2030568.5612,807504.1272
301607.SZ,富特科技,797208.564,516849.3765
301608.SZ,博实结,561009.8681,251771.5784
301609.SZ,山大电力,602493.12,363114.9243
301611.SZ,珂玛科技,4055236.0,1363365.6927
301613.SZ,新铝时代,534801.5816,311944.6616
301616.SZ,浙江华业,260480.0,92476.2608
301617.SZ,博苑新材,775192.184,307663.824
301618.SZ,长联科技,389642.287,148547.069
301622.SZ,英思特,450511.3634,251266.4284
301626.SZ,苏州天脉,2393419.2,1088687.11
301628.SZ,强达电路,542856.5116,200761.5116
301629.SZ,矽电股份,1005377.5662,462510.8334
301630.SZ,同宇新材,874496.0,255699.5072
301631.SZ,壹连科技,733327.692,249795.912
301632.SZ,广东建科,606493.44,106156.638
301633.SZ,港迪技术,314592.0,144134.89
301636.SZ,泽润新能,239044.7845,139480.423
301638.SZ,南网数字,7707472.0848,606567.216
301656.SZ,联合动力,3919809.167,331915.27
301658.SZ,首航新能,954639.328,225519.6605
301662.SZ,宏工科技,795064.0,305633.568
301665.SZ,泰禾股份,981450.0,227194.77
301667.SZ,纳百川,613066.104,130276.602
301668.SZ,昊创瑞通,332530.0,73545.3578
301678.SZ,新恒汇,990082.8815,574367.143
301687.SZ,新广益,667790.608,141651.7816
302132.SZ,中航成飞,15214888.4316,3337079.733
600000.SH,浦发银行,30608065.3977,30608065.3977
600004.SH,白云机场,1987055.5866,1824739.8093
600006.SH,东风股份,1098000.0,1098000.0
600007.SH,中国国贸,1895705.665,1895705.665
600008.SH,首创环保,2106749.5309,2106749.5309
600009.SH,上海机场,5981904.452,4919255.918
600010.SH,包钢股份,9814049.161,6796051.9823
600011.SH,华能国际,11239834.8744,7874360.2884
600012.SH,皖通高速,3259993.3452,2223964.8
600015.SH,华夏银行,11267769.378,10894154.592
600016.SH,民生银行,15542758.5675,12589053.736
600017.SH,日照港,836577.8608,836577.8608
600018.SH,上港集团,12012459.6696,11995306.6944
600019.SH,宝钢股份,13003904.5659,12784215.1329
600020.SH,中原高速,847259.1686,847259.1686
600021.SH,上海电力,4004241.7602,4004241.7602
600022.SH,山东钢铁,1433645.8464,1433645.8464
600023.SH,浙能电力,7146854.5291,7146854.5291
600025.SH,华能水电,18575201.0171,18575201.0171
600026.SH,中远海能,8628104.7934,6036743.384
600027.SH,华电国际,5387863.2288,4276074.2672
600028.SH,中国石化,62639416.3556,49081782.2572
600029.SH,南方航空,9314178.323,6927163.7108
600030.SH,中信证券,41630915.9612,34203931.759
600031.SH,三一重工,18114158.668,16694548.3
600032.SH,浙江新能,1736175.5666,1736175.5666
600033.SH,福建高速,974262.0,974262.0
600035.SH,楚天高速,560320.3332,560320.3332
600036.SH,招商银行,99845368.7304,81669990.8796
600037.SH,歌华有线,933882.9709,933882.9709
600038.SH,中直股份,2131722.32,1739231.52
600039.SH,四川路桥,7599946.1844,7599946.1844
600048.SH,保利发展,6033103.4736,6033103.4736
600050.SH,中国联通,13881404.8776,13759741.6848
600051.SH,宁波联合,176268.96,176268.96
600052.SH,东望时代,300533.3132,300533.3132
600053.SH,*ST九鼎,300877.3152,300877.3152
600054.SH,黄山旅游,802317.34,564630.0
600055.SH,万东医疗,744541.7049,744541.7049
600056.SH,中国医药,1398647.613,1398153.6525
600057.SH,厦门象屿,1822648.0152,1343391.5484
600058.SH,五矿发展,1017243.2543,1017243.2543
600059.SH,古越龙山,716472.3264,716472.3264
600060.SH,海信视像,3600418.2998,3587165.4433
600061.SH,国投资本,4053858.0052,4053858.0052
600062.SH,华润双鹤,1705352.465,1704766.1068
600063.SH,皖维高新,1177321.5416,1177321.5416
600064.SH,南京高科,1309867.0772,1309867.0772
600066.SH,宇通客车,7272790.272,7272790.272
600067.SH,冠城新材,361833.862,361833.862
600071.SH,凤凰光学,414758.3547,414758.3547
600072.SH,中船科技,1301063.2899,939253.4391
600073.SH,光明肉业,473553.3975,473553.3975
600075.SH,新疆天业,771924.3796,771924.3796
600076.SH,康欣新材,403363.02,403363.02
600078.SH,澄星股份,634173.6873,620830.8073
600079.SH,ST人福,2871085.534,2714451.5092
600080.SH,ST金花,177676.6628,177676.6628
600081.SH,东风科技,535329.3616,535329.3616
600082.SH,ST海泰,169282.3396,166195.8748
600084.SH,*ST尼雅,468594.0756,468594.0756
600085.SH,同仁堂,3495877.7947,3495877.7947
600088.SH,中视传媒,440260.9848,440260.9848
600089.SH,特变电工,10231905.015,10231905.015
600094.SH,大名城,855581.6,782452.64
600095.SH,湘财股份,2476056.5482,2476056.5482
600096.SH,云天化,5359592.658,5359592.658
600097.SH,开创国际,188653.3578,188653.3578
600098.SH,广州发展,2201683.22,2201683.22
600099.SH,林海股份,174638.64,174638.64
600100.SH,同方股份,2311705.413,2311705.413
600101.SH,明星电力,441029.3125,441029.3125
600103.SH,青山纸业,602782.3823,595116.501
600104.SH,上汽集团,12162003.595,12162003.595
600105.SH,永鼎股份,4631599.5264,4631599.5264
600106.SH,重庆路桥,562177.6173,562177.6173
600107.SH,*ST尔雅,190080.0,190080.0
600108.SH,亚盛集团,584074.53,584074.53
600109.SH,国金证券,3108801.1511,3108801.1511
600110.SH,诺德股份,1542575.8201,1542575.8201
600111.SH,北方稀土,14095141.5542,14095141.5542
600113.SH,浙江东日,1204565.362,1176693.232
600114.SH,东睦股份,1584772.585,1547122.585
600115.SH,中国东航,8017848.4221,6180062.2587
600116.SH,三峡水利,1235244.3134,1235244.3134
600117.SH,西宁特钢,716125.278,716125.278
600118.SH,中国卫星,6851341.8454,6851341.8454
600119.SH,*ST长投,157796.8128,157796.8128
600120.SH,浙江东方,1704275.3685,1704275.3685
600121.SH,郑州煤电,452030.852,452030.852
600123.SH,兰花科创,959079.24,959079.24
600125.SH,铁龙物流,712814.9574,712814.9574
600126.SH,杭钢股份,2056708.1619,2056708.1619
600127.SH,金健米业,353622.5432,353622.5432
600128.SH,苏豪弘业,188774.025,185075.625
600129.SH,太极集团,855249.6282,855249.6282
600130.SH,波导股份,287250.0,287250.0
600131.SH,国网信通,1831086.44,1827342.9928
600132.SH,重庆啤酒,2162867.2928,2162867.2928
600133.SH,东湖高新,834865.8417,834865.8417
600135.SH,乐凯胶片,385655.0487,385655.0487
600136.SH,ST明诚,285715.626,272032.53
600137.SH,浪莎股份,154381.5488,154381.5488
600138.SH,中青旅,506688.0,506688.0
600141.SH,兴发集团,3455002.2125,3455002.2125
600143.SH,金发科技,3817469.9724,3762531.528
600148.SH,长春一东,198547.6495,198547.6495
600149.SH,廊坊发展,171072.0,171072.0
600150.SH,中国船舶,25203305.7337,25203305.7337
600151.SH,航天机电,1375447.9557,1375447.9557
600152.SH,维科技术,397867.7088,397867.7088
600153.SH,建发股份,2563192.1224,2563192.1224
600155.SH,华创云信,1268359.8525,1268359.8525
600156.SH,华升股份,295551.3645,295551.3645
600157.SH,永泰能源,3403571.1996,3403571.1996
600158.SH,中体产业,660145.0128,660145.0128
600159.SH,大龙地产,189240.7296,189240.7296
600160.SH,巨化股份,10377824.0084,10377824.0084
600161.SH,天坛生物,2426234.7078,2426234.7078
600162.SH,香江控股,875941.4108,875941.4108
600163.SH,中闽能源,1000975.9486,1000975.9486
600165.SH,ST宁科,389427.9717,176632.1776
600166.SH,福田汽车,2406889.7216,2406889.7216
600167.SH,联美控股,1285293.404,1285293.404
600168.SH,武汉控股,417226.992,417226.992
600169.SH,ST太重,669961.4415,669961.4415
600170.SH,上海建工,2061538.0104,2061538.0104
600171.SH,上海贝岭,1580898.959,1580898.959
600172.SH,黄河旋风,1553232.7065,1374527.4966
600173.SH,卧龙新能,427308.782,427253.882
600176.SH,中国巨石,15047790.8553,14929195.533
600177.SH,雅戈尔,3555426.8211,3463146.8211
600178.SH,东安动力,438954.1042,438954.1042
600179.SH,安通控股,1777241.34,1622156.97
600180.SH,*ST瑞茂,159734.2425,159734.2425
600182.SH,S佳通,435880.0,217940.0
600183.SH,生益科技,27542472.9543,27346820.7771
600184.SH,光电股份,976651.29,976651.29
600185.SH,珠免集团,885952.726,885952.726
600186.SH,莲花控股,1534606.5327,1531502.3771
600187.SH,*ST国中,229156.9162,229156.9162
600188.SH,兖矿能源,19872966.96,11803476.96
600189.SH,泉阳泉,499923.2622,499923.2622
600191.SH,华资实业,458745.672,458745.672
600192.SH,长城电工,283602.216,283602.216
600195.SH,中牧股份,653534.912,653534.912
600196.SH,复星医药,6040511.0766,4792021.6656
600197.SH,伊力特,480272.3205,480272.3205
600198.SH,大唐电信,895575.6045,894439.5126
600199.SH,金种子酒,491374.2096,491374.2096
600201.SH,生物股份,1234809.0668,1234809.0668
600202.SH,哈空调,170586.6115,170586.6115
600203.SH,福日电子,553257.8973,553257.8973
600206.SH,有研新材,3682506.855,3682506.855
600207.SH,安彩高科,444439.5408,444439.5408
600208.SH,衢州发展,2391012.3648,2390741.3403
600210.SH,紫江企业,922175.6096,922175.6096
600211.SH,西藏药业,1206763.0848,1206763.0848
600212.SH,绿能慧充,354187.5506,267183.6406
600215.SH,派斯林,256768.1898,256768.1898
600216.SH,浙江医药,1136655.8796,1124542.389
600217.SH,中再资环,508899.6859,508899.6859
600218.SH,全柴动力,317116.7272,317116.7272
600219.SH,南山铝业,5133214.6152,5133214.6152
600221.SH,海航控股,5790894.755,5741298.9966
600222.SH,太龙药业,387638.6976,387638.6976
600223.SH,福瑞达,553013.4272,553013.4272
600226.SH,亨通股份,1603191.4668,1603191.4668
600227.SH,赤天化,518439.4039,392223.1386
600228.SH,返利科技,252086.8625,251702.506
600229.SH,城市传媒,318461.1596,318461.1596
600230.SH,沧州大化,540633.066,540633.066
600231.SH,凌钢股份,476762.5244,470839.6444
600232.SH,金鹰股份,205701.234,205701.234
600233.SH,圆通速递,6248829.9994,6248829.9994
600234.SH,科新发展,493539.48,493539.48
600235.SH,民丰特纸,179163.0,179163.0
600236.SH,桂冠电力,7827201.1554,7827201.1554
600237.SH,铜峰电子,498086.942,493446.482
600238.SH,*ST椰岛,182865.6,181670.8128
600239.SH,ST云城,215162.0446,215162.0446
600241.SH,时代万恒,200125.428,200125.428
600243.SH,*ST海华,135165.8,135165.8
600246.SH,万通发展,2430677.3625,2364906.0375
600248.SH,陕建股份,1054755.9212,1052429.9612
600249.SH,两面针,268950.0,268950.0
600250.SH,南京商旅,249294.7458,249294.7458
600251.SH,冠农股份,710172.1504,710172.1504
600252.SH,中恒集团,694147.5558,694147.5558
600255.SH,鑫科材料,552680.982,552680.982
600256.SH,广汇能源,3374977.584,3374977.584
600257.SH,大湖股份,240618.6,240618.6
600258.SH,首旅酒店,1357789.3696,1357789.3696
600259.SH,中稀有色,2370863.7873,2370863.7873
600261.SH,阳光照明,396510.741,396510.741
600262.SH,北方股份,322966.0,322966.0
600265.SH,*ST景谷,272580.0,272580.0
600266.SH,城建发展,842751.861,842751.861
600267.SH,海正药业,1383278.9012,1383278.9012
600268.SH,国电南自,1096124.5932,1095719.6445
600269.SH,赣粤高速,931827.393,931827.393
600271.SH,航天信息,1248844.2204,1248844.2204
600272.SH,开开实业,268955.5456,163840.0
600273.SH,嘉化能源,894312.8062,894312.8062
600276.SH,恒瑞医药,35369638.2671,33993703.2567
600278.SH,东方创业,529219.0005,529219.0005
600279.SH,重庆港,490175.7819,490175.7819
600280.SH,中央商场,302393.7264,302393.7264
600281.SH,华阳新材,201645.584,201645.584
600282.SH,南钢股份,3057885.136,3057885.136
600283.SH,钱江水利,432956.8228,432956.8228
600284.SH,浦东建设,481246.976,481246.976
600285.SH,羚锐制药,1274308.5285,1272904.1535
600287.SH,苏豪时尚,187385.5269,187385.5269
600288.SH,大恒科技,432432.0,432432.0
600289.SH,ST信通,277031.8719,248440.0653
600292.SH,电投水电,5383273.4198,539879.5444
600293.SH,三峡新材,303957.99,303957.99
600295.SH,鄂尔多斯,3453689.9542,2437861.1542
600298.SH,安琪酵母,3290882.2704,3250314.696
600299.SH,安迪苏,2525419.026,2525419.026
600300.SH,维维股份,502931.2242,502931.2242
600301.SH,华锡有色,2487255.41,1082619.9724
600302.SH,ST标准,201723.7134,201723.7134
600303.SH,曙光股份,185256.7382,183605.8062
600305.SH,恒顺醋业,748966.0566,747806.8122
600307.SH,酒钢宏兴,901923.4656,901923.4656
600308.SH,华泰股份,479330.9832,479330.9832
600309.SH,万华化学,23228099.272,23228099.272
600310.SH,广西能源,633187.0224,633187.0224
600312.SH,平高电气,2565938.1783,2565938.1783
600313.SH,农发种业,637594.326,594127.0863
600315.SH,上海家化,1189840.02,1189840.02
600316.SH,洪都航空,1734699.9755,1734699.9755
600318.SH,新力金融,322505.6604,322505.6604
600319.SH,亚星化学,205873.6914,205873.6914
600320.SH,振华重工,2197242.7906,1383666.0662
600322.SH,津投城开,274213.6,274213.6
600323.SH,瀚蓝环境,2427288.3167,2427288.3167
600325.SH,华发股份,663268.6561,663268.6561
600326.SH,西藏天路,869252.2872,869252.2872
600327.SH,大东方,313211.943,313211.943
600328.SH,中盐化工,906179.271,906179.271
600329.SH,达仁堂,2805453.8992,2065906.6842
600330.SH,天通股份,2286787.3776,2286787.3776
600331.SH,宏达股份,3188411.2,2452624.0
600332.SH,白云山,3527966.253,3050783.253
600333.SH,长春燃气,350192.6525,350192.6525
600335.SH,国机汽车,743728.45,743728.45
600336.SH,澳柯玛,474020.7912,474020.7912
600337.SH,ST美克,402359.468,402359.468
600338.SH,西藏珠峰,1138191.699,1138191.699
600339.SH,中油工程,1836855.5275,1836855.5275
600340.SH,*ST华幸,404908.9304,404908.9304
600343.SH,航天动力,1116222.8187,1116222.8187
600345.SH,长江通信,1396896.0798,896588.3134
600346.SH,恒力石化,11508928.173,11508928.173
600348.SH,华阳股份,3030300.0,3030300.0
600350.SH,山东高速,5521079.8536,5521079.8536
600351.SH,亚宝药业,449108.0,449108.0
600352.SH,浙江龙盛,4157758.1682,4157758.1682
600353.SH,旭光电子,2072856.8112,2072856.8112
600354.SH,敦煌种业,308236.4264,308236.4264
600356.SH,恒丰纸业,248800.0575,225542.207
600358.SH,国旅联合,559477.7474,242874.5527
600359.SH,新农开发,218988.3472,218988.3472
600360.SH,华微电子,968937.9577,968937.9577
600361.SH,创新新材,1343758.644,1343758.644
600362.SH,江西铜业,14733913.597,8830177.687
600363.SH,联创光电,1148863.898,1148863.898
600365.SH,ST通葡,120291.45,113229.2
600366.SH,宁波韵升,1182568.2236,1182568.2236
600367.SH,红星发展,985186.0392,929858.6016
600368.SH,五洲交通,611668.482,611668.482
600369.SH,西南证券,2684624.0764,2684624.0764
600370.SH,*ST三房,663737.9399,663737.9399
600371.SH,万向德农,188127.654,188127.654
600372.SH,中航机载,5366336.3294,5366336.3294
600373.SH,中文传媒,971445.6227,971445.6227
600375.SH,汉马科技,623594.7746,568984.7762
600376.SH,首开股份,933802.6024,933802.6024
600377.SH,宁沪高速,6191391.6775,4672882.907
600378.SH,昊华科技,5468308.7283,4546604.7306
600379.SH,宝光股份,390628.4928,390628.4928
600380.SH,健康元,1851406.8408,1851406.8408
600381.SH,*ST春天,195491.2131,195491.2131
600382.SH,广东明珠,427755.3896,427755.3896
600383.SH,金地集团,997722.9756,997722.9756
600386.SH,北巴传媒,250790.4,250790.4
600388.SH,龙净环保,2117167.1821,2117167.1821
600389.SH,江山股份,835461.0,835461.0
600390.SH,五矿资本,2195055.964,2195055.964
600391.SH,航发科技,897621.8386,897621.8386
600392.SH,盛和资源,3523181.466,3523181.466
600395.SH,盘江股份,1006767.0781,1006767.0781
600396.SH,华电辽能,2441747.8744,2441747.8744
600397.SH,江钨装备,1375054.3011,1375054.3011
600398.SH,海澜之家,2891267.7206,2891267.7206
600399.SH,抚顺特钢,790812.1,790812.1
600400.SH,红豆股份,611796.2973,611796.2973
600403.SH,大有能源,1367544.6928,1367544.6928
600405.SH,动力源,241454.8624,241454.8624
600406.SH,国电南瑞,18922817.6072,18867263.1272
600408.SH,安泰集团,263781.6,263781.6
600409.SH,三友化工,1321183.616,1321183.616
600410.SH,华胜天成,1482460.8344,1482460.8344
600415.SH,小商品城,6487050.5336,6487050.5336
600416.SH,湘电股份,1300164.2944,1300164.2944
600418.SH,江淮汽车,4724757.5072,4577684.5408
600419.SH,天润乳业,253358.3844,253358.3844
600420.SH,国药现代,1154749.6947,1154749.6947
600422.SH,昆药集团,689604.9538,689604.9538
600423.SH,*ST柳化,211654.175,211654.175
600425.SH,青松建化,540785.1469,540785.1469
600426.SH,华鲁恒升,5744630.927,5743870.531
600428.SH,中远海特,3073190.848,2738719.872
600429.SH,三元股份,639889.914,637959.4524
600433.SH,冠豪高新,570591.0192,570591.0192
600435.SH,北方导航,1545629.5694,1545629.5694
600436.SH,片仔癀,8205717.2372,8205717.2372
600438.SH,通威股份,5037727.8171,5037727.8171
600439.SH,瑞贝卡,241112.8902,241112.8902
600444.SH,国机通用,183759.4845,183759.4845
600446.SH,金证股份,970446.7925,970446.7925
600448.SH,华纺股份,158084.7447,158084.7447
600449.SH,宁夏建材,565688.123,565688.123
600452.SH,涪陵电力,1468933.8652,1468933.8652
600455.SH,博通股份,130349.846,130349.846
600456.SH,宝钛股份,1280921.4775,1280921.4775
600458.SH,时代新材,1033241.7025,943048.365
600459.SH,贵研铂业,1459672.2486,1346959.2699
600460.SH,士兰微,5020504.6206,5020504.6206
600461.SH,洪城环境,1169866.8448,1169866.8448
600463.SH,空港股份,222000.0,222000.0
600467.SH,好当家,312652.7802,312652.7802
600468.SH,百利电气,625447.7975,625447.7975
600469.SH,风神股份,455697.8176,373478.8608
600470.SH,六国化工,276448.0,276448.0
600475.SH,华光环能,1214076.439,1197464.839
600476.SH,*ST湘邮,136104.15,136104.15
600477.SH,杭萧钢构,551998.6056,551998.6056
600478.SH,科力远,828326.3421,828326.3421
600479.SH,千金药业,471044.97,400511.2947
600480.SH,凌云股份,1026670.932,1019075.484
600481.SH,双良节能,807102.7083,807102.7083
600482.SH,中国动力,6283042.528,6283042.528
600483.SH,福能股份,3016459.061,3016459.061
600486.SH,扬农化工,2228677.1285,2228677.1285
600487.SH,亨通光电,12334427.8923,12270685.1463
600488.SH,津药药业,573240.5175,573240.5175
600489.SH,中金黄金,10344165.0884,10344165.0884
600490.SH,鹏欣资源,1402970.4214,1263321.9676
600491.SH,ST龙元,188160.234,188160.234
600493.SH,凤竹纺织,145248.0,145248.0
600495.SH,晋西车轴,469986.2601,469986.2601
600496.SH,精工钢构,642810.5688,642810.5688
600497.SH,驰宏锌锗,4485938.645,4485938.645
600498.SH,烽火通信,4784824.1025,4479922.5445
600499.SH,科达制造,2903634.5896,2903634.5896
600500.SH,中化国际,1679327.3484,1679327.3484
600501.SH,航天晨光,579701.791,579701.791
600502.SH,安徽建工,801621.3313,801621.3313
600503.SH,华丽家族,317253.42,317253.42
600505.SH,西昌电力,393368.3325,393368.3325
600506.SH,统一股份,342235.3266,342235.3266
600507.SH,方大特钢,987731.2333,987731.2333
600508.SH,上海能源,846880.9524,846880.9524
600509.SH,天富能源,1070655.5746,1070655.5746
600510.SH,黑牡丹,621279.351,621279.351
600511.SH,国药股份,2052248.16,1505102.208
600512.SH,腾达建设,312718.8244,312718.8244
600513.SH,联环药业,451877.3229,451877.3229
600515.SH,海南机场,3233362.6168,2596811.5375
600516.SH,方大炭素,2029089.0816,2029089.0816
600517.SH,国网英大,2847780.9786,2847780.9786
600518.SH,康美药业,1853072.1578,1852195.1948
600519.SH,贵州茅台,165010771.2,165010771.2
600520.SH,三佳科技,368349.75,368349.75
600521.SH,华海药业,2401592.5288,2401592.5288
600522.SH,中天科技,10225197.3012,10225197.3012
600523.SH,贵航股份,445955.3639,445661.1938
600525.SH,ST长园,623783.0346,623783.0346
600526.SH,菲达环保,377698.69,371028.0175
600527.SH,江南高纤,363669.789,363669.789
600528.SH,中铁工业,1577301.636,1577301.636
600529.SH,山东药玻,1301347.2501,1301347.2501
600530.SH,交大昂立,371961.6,371961.6
600531.SH,豫光金铅,1374931.6899,1374931.6899
600533.SH,栖霞建设,204750.0,204750.0
600535.SH,天士力,2349983.35,2349983.35
600536.SH,中国软件,2930222.3508,2647392.2142
600537.SH,*ST亿晶,255682.44,255682.44
600538.SH,国发股份,251615.184,251615.184
600539.SH,狮头股份,368000.0,368000.0
600540.SH,新赛股份,196505.426,196505.426
600543.SH,*ST莫高,117851.04,117851.04
600545.SH,卓郎智能,695497.8458,695497.8458
600546.SH,山煤国际,2402736.7932,2402736.7932
600547.SH,山东黄金,12262412.47,9614419.178
600548.SH,深高速,2147026.2606,1450404.396
600549.SH,厦门钨业,7460065.6742,7301926.468
600550.SH,保变电气,2055145.806,2055145.806
600551.SH,时代出版,456331.1496,456331.1496
600552.SH,凯盛科技,1514204.8607,1514204.8607
600556.SH,天下秀,789985.7012,789985.7012
600557.SH,康缘药业,713926.2468,713926.2468
600558.SH,大西洋,414693.4176,414693.4176
600559.SH,老白干酒,1083060.9216,1083060.9216
600560.SH,金自天正,232144.029,232144.029
600561.SH,江西长运,140247.0624,140247.0624
600562.SH,国睿科技,2973007.5732,2973007.5732
600563.SH,法拉电子,2951550.0,2951550.0
600566.SH,济川药业,2437979.2885,2429753.603
600567.SH,山鹰国际,832583.8356,832583.8356
600568.SH,ST中珠,444409.9431,372202.0079
600569.SH,安阳钢铁,494056.4808,494056.4808
600570.SH,恒生电子,4037257.3228,4037257.3228
600571.SH,信雅达,464919.3451,456378.4449
600572.SH,康恩贝,1089030.2709,1086137.9958
600573.SH,惠泉啤酒,236250.0,236250.0
600575.SH,淮河能源,2357874.6338,1278579.9019
600576.SH,祥源文旅,576838.0295,361233.3847
600577.SH,精达股份,1559321.1612,1559321.1612
600578.SH,京能电力,3621789.961,3621789.961
600579.SH,中化装备,349962.9672,349962.9672
600580.SH,卧龙电驱,4537951.3375,4524922.4125
600581.SH,*ST八钢,343369.1296,343369.1296
600582.SH,天地科技,2003077.0276,2003077.0276
600583.SH,海油工程,2436166.4948,2436166.4948
600584.SH,长电科技,13748072.3718,13748072.3718
600585.SH,海螺水泥,9477599.76,7143518.16
600586.SH,金晶科技,574021.7685,574021.7685
600587.SH,新华医疗,768618.5815,768618.5815
600588.SH,用友网络,3256398.5222,3256398.5222
600589.SH,大位科技,1071175.0377,1068933.7377
600590.SH,泰豪科技,666944.1054,659671.349
600592.SH,龙溪股份,525013.4304,525013.4304
600593.SH,大连圣亚,481994.275,475916.0
600594.SH,益佰制药,284734.9857,284734.9857
600595.SH,中孚实业,2500932.7824,2500932.7824
600596.SH,新安股份,1334751.433,1334751.433
600597.SH,光明乳业,929091.3412,929078.9396
600598.SH,北大荒,2124327.4805,2124327.4805
600600.SH,青岛啤酒,7426678.1244,3860481.3996
600601.SH,方正科技,4192541.7849,4091057.7273
600602.SH,云赛智联,2364707.4815,1857469.887
600603.SH,广汇物流,502127.5756,502127.5756
600604.SH,市北高新,792407.9304,595353.3804
600605.SH,汇通能源,509517.528,509517.528
600606.SH,绿地控股,1770831.5058,1770831.5058
600609.SH,金杯汽车,418763.3106,418763.3106
600610.SH,中毅达,709183.7852,469177.0754
600611.SH,大众交通,950377.4058,628453.1928
600612.SH,老凤祥,1822019.2974,1104492.7368
600613.SH,神奇制药,259024.726,232470.2
600615.SH,鑫源智造,190652.8715,190349.8545
600616.SH,金枫酒业,263587.97,263587.97
600617.SH,国新能源,706084.1988,649848.6282
600618.SH,氯碱化工,1148305.2,744591.12
600619.SH,海立股份,1466188.4504,1078012.7768
600620.SH,天宸股份,271924.1316,271924.1316
600621.SH,华鑫股份,1370681.8956,1370681.8956
600622.SH,光大嘉宝,305935.8216,305935.8216
600623.SH,华谊集团,1665919.7688,1474563.2742
600624.SH,ST复华,241847.4964,241847.4964
600626.SH,申达股份,437166.4957,437166.4957
600628.SH,新世界,382303.3614,382303.3614
600629.SH,华建集团,1544187.9807,1544187.9807
600630.SH,龙头股份,266813.0848,266813.0848
600633.SH,浙数文化,1294704.0645,1294704.0645
600635.SH,大众公用,1313833.4415,1076362.3065
600637.SH,东方明珠,2686157.9402,2686157.9402
600638.SH,新黄浦,307742.3376,307742.3376
600639.SH,浦东金桥,1041599.1712,789019.6576
600640.SH,国脉文化,808965.4286,808965.4286
600641.SH,先导基电,2720345.7307,2673699.7027
600642.SH,申能股份,4135497.093,4135272.154
600643.SH,爱建集团,614963.9288,613875.7562
600644.SH,乐山电力,525693.6072,525693.6072
600645.SH,中源协和,861025.976,860697.168
600648.SH,外高桥,1155925.37,967105.095
600649.SH,城投控股,909133.7904,909133.7904
600650.SH,锦江在线,551058.4899,390169.5399
600651.SH,飞乐音响,1343767.008,1343767.008
600653.SH,申华控股,319206.3692,319206.3692
600654.SH,中安科,819477.9648,667420.3584
600655.SH,豫园股份,1731587.738,1730981.6035
600657.SH,信达地产,701562.1356,701562.1356
600658.SH,电子城,427299.47,427299.47
600660.SH,福耀玻璃,14698075.392,11280818.8416
600661.SH,昂立教育,229239.04,229239.04
600662.SH,外服控股,988730.8623,985837.946
600663.SH,陆家嘴,3705873.1232,2322583.2032
600664.SH,哈药股份,1445624.6826,1445624.6826
600665.SH,天地源,237633.6875,237633.6875
600666.SH,奥瑞德,896929.4724,815692.261
600667.SH,太极实业,3842163.0214,3842163.0214
600668.SH,尖峰集团,293572.3266,293572.3266
600671.SH,天目药业,250742.7551,250725.4595
600673.SH,东阳光,8483935.545,8461391.7201
600674.SH,川投能源,7911486.8364,7911486.8364
600675.SH,中华企业,1312011.3601,1312011.3601
600676.SH,久事动娱,670577.3708,670577.3708
600678.SH,ST金顶,180776.82,180776.82
600679.SH,上海凤凰,455175.4617,315855.0617
600681.SH,百川能源,453208.9224,452855.3744
600682.SH,南京新百,730406.7846,632084.7429
600683.SH,京投发展,577065.7504,577065.7504
600684.SH,珠江股份,377171.3363,291030.0987
600685.SH,中船防务,3614335.8648,2100409.8064
600686.SH,金龙汽车,791620.3296,791620.3296
600688.SH,上海石化,2909762.43,2022752.526
600689.SH,上海三毛,190338.7611,144137.2827
600690.SH,海尔智家,21005890.528,14006783.616
600691.SH,潞化科技,558355.77,558262.71
600692.SH,亚通股份,193821.964,140510.7855
600693.SH,东百集团,748937.6643,748168.3608
600694.SH,大商股份,541296.0544,541296.0544
600697.SH,欧亚集团,153997.2808,150403.968
600698.SH,湖南天雁,689271.3165,535641.3465
600699.SH,均胜电子,3096888.8882,2787154.1882
600702.SH,舍得酒业,1117817.9694,1117346.7294
600703.SH,三安光电,6046690.6644,6046690.6644
600704.SH,物产中大,2528706.9711,2528706.9711
600706.SH,曲江文旅,181602.5776,180869.5024
600707.SH,彩虹股份,3086015.142,3085395.942
600708.SH,光明地产,673048.3136,672033.8956
600710.SH,苏美达,1372086.87,1372086.87
600711.SH,盛屯矿业,3282229.5192,3282229.5192
600712.SH,南宁百货,252175.4502,249394.2092
600713.SH,南京医药,654082.0,644906.85
600714.SH,金瑞矿业,379816.3634,379816.3634
600715.SH,文投控股,617097.732,435080.5744
600716.SH,凤凰股份,302347.5738,302347.5738
600717.SH,天津港,1229950.425,1229950.425
600718.SH,东软集团,988258.5314,988258.5314
600719.SH,大连热电,288479.5148,288479.5148
600720.SH,中交设计,1177127.5428,517642.5474
600721.SH,百花医药,271875.1532,271875.1532
600722.SH,金牛化工,629976.0422,629976.0422
600724.SH,宁波富达,698051.4513,697907.3241
600725.SH,云维股份,393157.93,393157.93
600726.SH,华电能源,4807660.4096,4545004.4096
600727.SH,鲁北化工,385337.0799,385337.0799
600728.SH,佳都科技,955404.4864,955404.4864
600729.SH,重百集团,887512.795,387852.842
600730.SH,*ST高科,529750.368,529750.368
600731.SH,湖南海利,304618.875,297925.485
600732.SH,爱旭股份,2527657.547,2515777.6935
600733.SH,北汽蓝谷,3323654.388,2899985.5116
600734.SH,*ST实达,357241.7084,357167.9084
600735.SH,ST新华锦,266271.2622,264205.5678
600736.SH,苏州高新,723011.9412,723011.9412
600737.SH,中粮糖业,2592284.0184,2592284.0184
600738.SH,丽尚国潮,284739.3648,284489.1588
600739.SH,辽宁成大,1601476.3268,1601476.3268
600740.SH,山西焦化,901866.6624,901866.6624
600741.SH,华域汽车,5113718.328,5113718.328
600742.SH,富维股份,540203.0933,540203.0933
600743.SH,华远控股,511449.9962,511449.9962
600744.SH,华银电力,1494907.4848,1494907.4848
600745.SH,*ST闻泰,2145195.7328,2145195.7328
600746.SH,江苏索普,728733.9696,728733.9696
600748.SH,上实发展,682488.273,682488.273
600749.SH,西藏旅游,305495.563,305495.563
600750.SH,华润江中,1607402.8107,1590299.1837
600751.SH,海航科技,861103.3266,764237.1627
600753.SH,ST海钦,232149.6576,232149.6576
600754.SH,锦江酒店,2017436.762,1714235.4372
600755.SH,厦门国贸,1226994.5114,1223858.979
600756.SH,浪潮软件,538078.7232,498788.0532
600757.SH,长江传媒,959997.3873,959876.2061
600758.SH,辽宁能源,425689.6028,425279.3748
600759.SH,ST洲际,979166.1948,977909.8488
600760.SH,中航沈飞,12320603.607,12297236.0342
600761.SH,安徽合力,1545352.008,1545352.008
600763.SH,通策医疗,1547620.286,1547620.286
600764.SH,中国海防,1293345.508,1293345.508
600765.SH,中航重机,2067922.2118,2067922.2118
600768.SH,宁波富邦,176278.8096,176278.8096
600769.SH,祥龙电业,509968.992,509968.992
600770.SH,综艺股份,627900.0,627900.0
600771.SH,广誉远,699482.7819,699482.7819
600773.SH,西藏城投,997263.0712,997263.0712
600774.SH,汉商集团,184690.2824,184595.0052
600775.SH,南京熊猫,945822.8475,695352.8475
600776.SH,东方通信,1503432.1197,1144332.1197
600777.SH,新潮能源,2788203.278,2610122.484
600778.SH,友好集团,153253.7688,153117.7308
600779.SH,水井坊,1347946.348,1347946.348
600780.SH,通宝能源,677582.9775,677582.9775
600782.SH,新钢股份,885158.1438,874491.2838
600783.SH,鲁信创投,1093463.8117,1093463.8117
600784.SH,鲁银投资,475659.2192,475659.2192
600785.SH,新华百货,253022.9238,253022.9238
600787.SH,中储股份,991726.3772,991726.3772
600789.SH,鲁抗医药,764033.7438,738527.9842
600790.SH,轻纺城,463189.9244,463189.9244
600791.SH,京能置业,290296.08,289933.0817
600792.SH,云煤能源,377374.024,377374.024
600793.SH,宜宾纸业,232982.568,232982.568
600794.SH,保税科技,364846.2688,364846.2688
600795.SH,国电电力,8650275.2635,8650275.2635
600796.SH,钱江生化,410761.6692,147640.5246
600797.SH,浙大网新,702828.0576,702828.0576
600798.SH,宁波海运,381264.8072,381264.8072
600800.SH,渤海化学,333013.56,332919.06
600801.SH,华新建材,4428260.628,2857815.888
600802.SH,福建水泥,185590.602,185590.602
600803.SH,新奥股份,5293792.521,5252652.657
600805.SH,悦达投资,353972.112,353714.5664
600807.SH,济高发展,212312.352,188884.44
600808.SH,马钢股份,1909768.9376,1480002.2976
600809.SH,山西汾酒,15402048.025,15402048.025
600810.SH,神马股份,690336.5121,684116.6541
600812.SH,华北制药,816687.6704,816687.6704
600814.SH,杭州解百,471185.3826,471185.3826
600815.SH,厦工股份,537550.6335,537550.6335
600816.SH,建元信托,2431578.7054,1350877.0613
600817.SH,宇通重工,484180.788,481837.538
600818.SH,ST中路,190297.1568,140871.0768
600819.SH,耀皮玻璃,493262.3355,398574.8355
600820.SH,隧道股份,1735541.0472,1735541.0472
600821.SH,金开新能,1266957.3,1266957.3
600822.SH,上海物贸,396282.3471,316522.1721
600824.SH,益民集团,363639.3495,363639.3495
600825.SH,新华传媒,494231.9767,494231.9767
600826.SH,兰生股份,575001.7784,575001.7784
600827.SH,百联股份,1354183.5879,1217777.4741
600828.SH,茂业商业,625245.7186,625021.0322
600829.SH,人民同泰,536396.955,536396.955
600830.SH,香溢融通,358006.2876,358006.2876
600831.SH,广电网络,208307.471,208307.471
600833.SH,第一医药,211485.8124,211485.8124
600834.SH,申通地铁,333212.5662,333212.5662
600835.SH,上海机电,1861480.6056,1490419.9464
600838.SH,上海九百,276608.58,276608.58
600839.SH,四川长虹,3074418.6372,3073562.4276
600841.SH,动力新科,759138.5246,570534.4015
600843.SH,上工申贝,471403.0565,310156.2047
600844.SH,金煤科技,319188.5988,258337.4084
600845.SH,宝信软件,5009905.8873,3740997.0126
600846.SH,同济科技,755336.6535,755336.6535
600847.SH,万里股份,166623.4038,166623.4038
600848.SH,上海临港,2083574.262,1977371.5598
600850.SH,电科数字,1247212.428,1247212.428
600851.SH,海欣股份,925812.4889,566204.0787
600853.SH,龙建股份,316273.152,316273.152
600854.SH,春兰股份,217653.1115,217653.1115
600855.SH,航天长峰,560845.6119,559764.7209
600857.SH,宁波中百,356668.641,356668.641
600858.SH,银座股份,238190.5028,237036.984
600859.SH,王府井,1111568.2535,1111465.9909
600860.SH,京城股份,425944.108,345463.7424
600861.SH,北京人力,756326.5672,756326.5672
600862.SH,中航高科,2499130.0854,2499130.0854
600863.SH,华能蒙电,3651198.307,3041529.7148
600864.SH,哈投股份,1100621.7945,1100621.7945
600865.SH,百大集团,307012.0848,307012.0848
600866.SH,星湖科技,755970.033,571375.0315
600867.SH,通化东宝,1615797.81,1615797.81
600868.SH,梅雁吉祥,506805.7029,506805.7029
600869.SH,远东股份,3202525.9461,3202525.9461
600871.SH,石化油服,4094721.8928,2926154.6784
600872.SH,中炬高新,1479675.0696,1473358.068
600873.SH,梅花生物,2299478.194,2299478.194
600874.SH,创业环保,863729.955,676729.955
600875.SH,东方电气,8604400.4264,5631256.1008
600876.SH,凯盛新能,422271.45,258771.45
600877.SH,电科芯片,1417319.2215,1417319.2215
600879.SH,航天电子,4830174.1752,4830174.1752
600880.SH,博瑞传播,405626.2091,405514.2042
600881.SH,亚泰集团,585019.331,585019.331
600882.SH,妙可蓝多,1094700.6008,1094700.6008
600883.SH,博闻科技,156526.344,156526.344
600884.SH,杉杉股份,2836509.5408,2314073.3317
600885.SH,宏发股份,5150393.8304,5150393.8304
600886.SH,国投电力,12086786.393,11255811.498
600887.SH,伊利股份,16812808.4748,16729265.1426
600888.SH,新疆众和,1372927.9356,1372927.9356
600889.SH,*ST京化,781923.5369,488339.218
600892.SH,大晟文化,181266.4008,181219.518
600893.SH,航发动力,9217625.0894,9216001.5584
600894.SH,广日股份,645571.1244,642476.0328
600895.SH,张江高科,4807132.5184,4807132.5184
600897.SH,厦门空港,605805.102,605805.102
600900.SH,长江电力,71129108.8539,71129108.8539
600901.SH,江苏金租,3724170.0952,3723260.8932
600903.SH,贵州燃气,697227.0809,697227.0809
600905.SH,三峡能源,10949069.9883,10949069.9883
600906.SH,财达证券,2057330.0634,1346764.99
600908.SH,无锡银行,1191712.1631,1085626.7961
600909.SH,华安证券,3727963.3006,3727963.3006
600916.SH,中国黄金,1260000.0,1260000.0
600917.SH,重庆燃气,747738.0642,747738.0642
600918.SH,中泰证券,4363005.891,2514116.0791
600919.SH,江苏银行,21232482.4465,21232482.4465
600925.SH,苏能股份,2962222.227,690600.898
600926.SH,杭州银行,11641898.015,11641898.015
600927.SH,永安期货,1808704.5409,1808704.5409
600928.SH,西安银行,1586666.6865,1579137.4137
600929.SH,雪天盐业,859419.3692,859419.3692
600930.SH,华电新能,17478285.7083,4501398.8726
600933.SH,爱柯迪,1316364.5376,1253734.614
600935.SH,华塑股份,808816.05,789165.405
600936.SH,北投科技,853894.3882,853894.3882
600938.SH,中国海油,148863815.928,9364680.0
600939.SH,重庆建工,487033.5744,487033.5744
600941.SH,中国移动,208922413.8505,8698168.7165
600955.SH,维远股份,665500.0,665500.0
600956.SH,新天绿能,3249193.1155,1695320.0248
600958.SH,东方证券,7689463.9965,6759882.0245
600959.SH,江苏有线,1515217.4631,1515217.4631
600960.SH,渤海汽车,354542.2815,354542.2815
600961.SH,株冶集团,2374267.2851,1663760.8412
600962.SH,国投中鲁,618815.6,618815.6
600963.SH,岳阳林纸,565936.8638,565936.8638
600965.SH,*ST福成,203856.549,203856.549
600966.SH,博汇纸业,628316.821,628316.821
600967.SH,内蒙一机,1919624.4216,1919624.4216
600968.SH,海油发展,3781418.7624,3781418.7624
600969.SH,郴电国际,303071.3595,303071.3595
600970.SH,中材国际,2026661.3717,2026661.3717
600971.SH,恒源煤电,915603.7387,915603.7387
600973.SH,宝胜股份,792649.6636,792649.6636
600975.SH,新五丰,599837.616,599837.616
600976.SH,健民集团,420312.164,420038.164
600977.SH,中国电影,2259070.0,2259070.0
600979.SH,广安爱众,487939.5459,480532.6755
600980.SH,北矿科技,336278.49,329318.49
600981.SH,苏豪汇鸿,504547.47,504547.47
600982.SH,宁波能源,552107.985,552107.985
600983.SH,惠而浦,583260.079,583260.079
600984.SH,建设机械,499046.4283,499046.4283
600985.SH,淮北矿业,3913304.8911,3913304.8911
600986.SH,浙文互联,1032237.6254,1032237.6254
600987.SH,航民股份,671698.8362,671698.8362
600988.SH,赤峰黄金,7086633.3648,6204725.6106
600989.SH,宝丰能源,16822727.84,16822727.84
600990.SH,四创电子,457590.6027,457590.6027
600992.SH,贵绳股份,224747.53,224747.53
600993.SH,马应龙,1034960.4139,1033193.518
600995.SH,南网储能,4001399.2616,4001399.2616
600996.SH,贵广网络,820394.3342,820394.3342
600997.SH,开滦股份,825655.948,825655.948
600998.SH,九州通,2531320.0404,2531320.0404
600999.SH,招商证券,15140653.1588,12921711.2273
601000.SH,唐山港,2755556.799,2755556.799
601001.SH,晋控煤业,2759931.3,2759931.3
601002.SH,晋亿实业,459085.9767,459085.9767
601003.SH,柳钢股份,911440.7428,886726.4472
601005.SH,重庆钢铁,1143511.4124,989322.7554
601006.SH,大秦铁路,9732817.472,9732817.472
601007.SH,金陵饭店,252720.0,252720.0
601008.SH,连云港,535955.616,535955.616
601009.SH,南京银行,14082103.0408,14082103.0408
601010.SH,ST文峰,260452.2528,260452.2528
601011.SH,宝泰隆,480831.7895,480831.7895
601012.SH,隆基绿能,9608991.6188,9608982.1088
601015.SH,陕西黑猫,651556.7344,651556.7344
601016.SH,节能风电,2297115.0423,2119428.207
601018.SH,宁波港,6633946.4444,6633946.4444
601019.SH,山东出版,1533871.5,1533871.5
601020.SH,华钰矿业,1496435.5775,1496435.5775
601021.SH,春秋航空,4512073.6408,4512073.6408
601022.SH,宁波远洋,1056067.0731,1056067.0731
601026.SH,道生天合,995034.6,167628.3213
601033.SH,永兴股份,1278000.0,340800.0
601038.SH,一拖股份,1568608.8388,1021460.5988
601058.SH,赛轮轮胎,4554018.9155,4554018.9155
601059.SH,信达证券,5221230.0,5221230.0
601061.SH,中信金属,5635000.0,5635000.0
601065.SH,江盐集团,430659.987,430659.987
601066.SH,中信建投,19733031.5712,16524987.024
601068.SH,中铝国际,1311660.1357,1123660.3173
601069.SH,西部黄金,2086187.939,2031661.436
601077.SH,渝农商行,7450192.0656,5797887.0144
601083.SH,锦江航运,1401531.96,210231.96
601086.SH,国芳集团,468198.0,468198.0
601088.SH,中国神华,98556789.4592,74935276.672
601089.SH,福元医药,804480.0,804480.0
601096.SH,宏盛华源,1115539.635,685121.2005
601098.SH,中南传媒,1837308.0,1837308.0
601099.SH,太平洋,2276649.6776,2276649.6776
601100.SH,恒立液压,13917721.98,13917721.98
601101.SH,昊华能源,1547997.7425,1547997.7425
601106.SH,中国一重,2029903.7384,2029903.7384
601107.SH,四川成渝,1688049.12,1193832.48
601108.SH,财通证券,3701083.893,3701083.893
601111.SH,中国国航,12479969.6673,7087608.6697
601113.SH,华鼎股份,452286.8348,368786.8348
601116.SH,三江购物,533986.44,533986.44
601117.SH,中国化学,4653279.6154,4625020.5406
601118.SH,海南橡胶,2024169.3494,2024169.3494
601121.SH,宝地矿业,668300.7933,543200.0
601126.SH,四方股份,3354915.8485,3322618.9058
601127.SH,赛力斯,9742922.6643,8709438.6162
601128.SH,常熟银行,2276463.8208,2276463.8208
601133.SH,柏诚股份,1426008.775,1421087.957
601136.SH,首创证券,3799333.982,3799333.982
601137.SH,博威合金,1500399.5835,1499289.1435
601138.SH,工业富联,115254488.0784,115254488.0784
601139.SH,深圳燃气,1823856.013,1823856.013
601155.SH,新城控股,2587199.4663,2587199.4663
601156.SH,东航物流,2703607.1868,1608646.3068
601158.SH,重庆水务,2001612.5517,2001612.5517
601162.SH,天风证券,3636708.6933,3103867.3505
601163.SH,三角轮胎,1014400.0,1014400.0
601166.SH,兴业银行,39362918.67,39362918.67
601168.SH,西部矿业,8783738.0,8783738.0
601169.SH,北京银行,10761779.0087,10761779.0087
601177.SH,杭齿前进,501487.605,494972.295
601179.SH,中国西电,6889185.9456,6889185.9456
601186.SH,中国铁建,8473633.896,7178025.192
601187.SH,厦门银行,1976706.7971,1972401.6949
601188.SH,龙江交通,369447.9817,369447.9817
601198.SH,东兴证券,4325012.079,4325012.079
601199.SH,江南水务,508754.4032,508754.4032
601200.SH,上海环境,942361.21,942361.21
601208.SH,东材科技,3933652.2126,3933652.2126
601211.SH,国泰海通,33459701.1684,25617135.5596
601212.SH,白银有色,3539482.211,3539482.211
601216.SH,君正集团,3889926.0214,3889926.0214
601218.SH,吉鑫科技,450600.5775,450600.5775
601222.SH,林洋能源,1143083.312,1143083.312
601225.SH,陕西煤业,23655800.0,23655800.0
601226.SH,华电科工,674089.746,674089.746
601228.SH,广州港,2293537.5456,2293537.5456
601229.SH,上海银行,13313869.2619,13313869.2619
601231.SH,环旭电子,5544719.7597,5544719.7597
601233.SH,桐昆股份,5043483.18,5034305.064
601236.SH,红塔证券,3233638.0193,3233638.0193
601238.SH,广汽集团,5302474.268,3839522.752
601279.SH,英利汽车,480493.158,480493.158
601288.SH,农业银行,243588191.5944,222193970.7168
601298.SH,青岛港,5777079.0,4798946.75
601311.SH,骆驼股份,911534.5197,911534.5197
601318.SH,中国平安,98143419.64,57777552.842
601319.SH,中国人保,33079544.9688,26552321.9368
601326.SH,秦港股份,1922069.728,1636600.296
601328.SH,交通银行,62826650.5826,18537504.5336
601330.SH,绿色动力,1021437.5472,706213.83
601333.SH,广深铁路,2110894.026,1684366.626
601336.SH,新华保险,19584513.5548,13092387.9254
601339.SH,百隆东方,1201154.769,1201154.769
601360.SH,三六零,6075616.2572,6075616.2572
601366.SH,利群股份,327271.7151,327271.7151
601368.SH,绿城水务,386742.2178,386742.2178
601369.SH,陕鼓动力,1585596.54,1569714.396
601375.SH,中原证券,1880368.3035,1396245.4785
601377.SH,兴业证券,5224772.3165,5224772.3165
601388.SH,怡球资源,666970.4478,666970.4478
601390.SH,中国中铁,11161746.1865,9247383.7365
601398.SH,工商银行,284055786.9087,214880933.3625
601399.SH,国机重装,2337192.1116,2337192.1116
601456.SH,国联民生,5004602.2568,3856120.7896
601500.SH,通用股份,619833.123,617370.273
601512.SH,中新集团,1155644.19,1155644.19
601515.SH,衢州东峰,627377.4482,627377.4482
601518.SH,吉林高速,519902.13,519902.13
601519.SH,大智慧,1547566.48,1547566.48
601528.SH,瑞丰银行,943799.6334,892625.8029
601555.SH,东吴证券,3890494.2924,3890494.2924
601566.SH,九牧王,465456.132,465456.132
601567.SH,三星电气,2131702.6598,2131702.6598
601568.SH,北元化工,1422055.5476,1422055.5476
601577.SH,长沙银行,3744066.4947,3743256.4316
601579.SH,会稽山,688988.9058,688988.9058
601588.SH,北辰实业,558925.32,441560.0
601595.SH,上海电影,745356.6,745356.6
601598.SH,中国外运,4490768.2512,3228576.3452
601599.SH,浙文影业,341199.495,341199.495
601600.SH,中国铝业,16057053.2304,12358326.1464
601601.SH,中国太保,30496482.555,21698781.555
601606.SH,长城军工,2429786.282,2429786.282
601607.SH,上海医药,6100255.161,4588246.3375
601608.SH,中信重工,2060799.03,2060799.03
601609.SH,金田股份,1659492.672,1659492.672
601611.SH,中国核建,3089180.055,3089180.055
601615.SH,明阳智能,2480861.8799,2480861.8799
601616.SH,广电电气,289395.9267,289395.9267
601618.SH,中国中冶,5503970.7072,4748796.7072
601619.SH,嘉泽新能,1299125.525,1085898.4554
601628.SH,中国人寿,113624114.1,83710590.6
601633.SH,长城汽车,14053263.6381,10219728.9591
601636.SH,旗滨集团,1633176.8424,1633176.8424
601658.SH,邮储银行,62449427.82,37714456.312
601665.SH,齐鲁银行,3833843.8775,3833843.8775
601666.SH,平煤股份,1894003.0317,1894003.0317
601668.SH,中国建筑,19172661.1456,19172661.1456
601669.SH,中国电建,8216878.0338,6235117.8543
601677.SH,明泰铝业,1956939.4044,1956939.4044
601678.SH,滨化股份,1565825.495,1328168.595
601686.SH,友发集团,747070.3865,747070.3865
601688.SH,华泰证券,18134969.3742,14679277.0229
601689.SH,拓普集团,7924530.336,7924530.336
601696.SH,中银证券,3103026.0,3103026.0
601698.SH,中国卫通,10556739.1146,10556739.1146
601699.SH,潞安环能,4403354.3424,4403354.3424
601700.SH,风范股份,547742.2613,547742.2613
601702.SH,华峰铝业,1468838.5126,1468838.5126
601717.SH,中创智领,2754872.0457,2379561.6751
601718.SH,ST际华,758826.093,758826.093
601727.SH,上海电气,10644983.296,8641713.126
601728.SH,中国电信,57649497.381,48906729.081
601766.SH,中国中车,17219318.46,14596678.8
601777.SH,千里科技,3472204.8768,3472204.8768
601778.SH,晶科科技,1310511.664,1310511.664
601788.SH,光大证券,6657977.2944,5641273.0672
601789.SH,宁波建工,661586.0846,471670.5924
601798.SH,蓝科高新,259869.1706,259869.1706
601799.SH,星宇股份,2686243.3982,2686243.3982
601800.SH,中国交建,9922837.2027,7174398.3243
601801.SH,皖新传媒,1049451.1232,1049451.1232
601808.SH,中海油服,5735453.584,3558482.536
601811.SH,新华文轩,1486778.405,954244.1995
601816.SH,京沪高铁,24854245.1352,24854245.1352
601818.SH,光大银行,18789205.2498,14757367.3608
601825.SH,沪农商行,8062755.5184,7837033.0104
601827.SH,三峰环境,1334202.7734,1334202.7734
601828.SH,美凯龙,949103.9622,787503.6796
601838.SH,成都银行,7798721.136,7798721.136
601857.SH,中国石油,203153285.358,179733506.358
601858.SH,中国科传,1379422.5,1379422.5
601860.SH,紫金银行,944564.9094,916335.504
601865.SH,福莱特,2230422.236,1809776.276
601866.SH,中远海发,3183776.1274,2349923.5034
601868.SH,中国能建,11192766.3496,8204468.0828
601869.SH,长飞光纤,25027571.173,12283606.809
601872.SH,招商轮船,13072677.8315,13072677.8315
601877.SH,正泰电器,5204802.918,5204802.918
601878.SH,浙商证券,4290221.2108,4290221.2108
601880.SH,辽港股份,3441478.0112,2688305.4752
601881.SH,中国银河,13471183.6336,8923890.4832
601882.SH,海天精工,982404.0,982404.0
601886.SH,江河集团,964184.7871,964184.7871
601888.SH,中国中免,11533848.9266,10838191.5005
601890.SH,亚星锚链,804936.6,804936.6
601898.SH,中煤能源,18190886.1848,12556544.5488
601899.SH,紫金矿业,84265974.5674,65287082.3339
601900.SH,南方传媒,1007209.8542,1007209.8542
601901.SH,方正证券,5737774.6758,5737774.6758
601908.SH,京运通,734039.2816,734039.2816
601916.SH,浙商银行,8019673.712,6290975.312
601918.SH,新集能源,2507644.4624,2507644.4624
601919.SH,中远海控,23558713.735,19374736.537
601921.SH,浙版传媒,1564444.4288,1564444.4288
601928.SH,凤凰传媒,2440559.1,2440559.1
601929.SH,吉视传媒,792181.9214,792181.9214
601933.SH,永辉超市,2757836.4948,2757836.4948
601939.SH,建设银行,278342805.916,10207651.6864
601949.SH,中国出版,965311.8267,965311.8267
601952.SH,苏垦农发,1101022.0,1101022.0
601956.SH,东贝集团,286565.2526,286565.2526
601958.SH,金钼股份,6508061.0748,6508061.0748
601963.SH,重庆银行,4071747.3464,2284245.1126
601965.SH,中国汽研,1422758.0796,1416737.6883
601966.SH,玲珑轮胎,1624487.997,1624487.997
601968.SH,宝钢包装,543482.067,543482.067
601969.SH,海南矿业,1710647.0166,1700274.8292
601975.SH,招商南油,1652161.6791,1652161.6791
601985.SH,中国核电,18202681.8585,16711707.1365
601988.SH,中国银行,196549571.198,128566964.028
601990.SH,南京证券,2952150.2538,2839487.3408
601991.SH,大唐发电,10992986.037,7363276.9254
601992.SH,金隅集团,1484210.1829,1158448.0037
601995.SH,中金公司,16760235.9568,10150539.2128
601996.SH,丰林集团,246601.168,246601.168
601997.SH,贵阳银行,2054783.3322,2054783.3322
601998.SH,中信银行,43236291.1071,31672850.4561
601999.SH,出版传媒,314021.379,314021.379
603000.SH,人民网,1729300.8804,1729300.8804
603001.SH,奥康国际,250211.52,250211.52
603002.SH,宏昌电子,1504922.1695,1504922.1695
603004.SH,鼎龙科技,426997.76,106749.44
603005.SH,晶方科技,1952602.0698,1952602.0698
603006.SH,联明股份,254254.3,254254.3
603007.SH,顺景科技,394462.9606,310009.694
603008.SH,ST喜临门,285058.3176,285058.3176
603009.SH,北特科技,1342953.2546,1342953.2546
603010.SH,万盛股份,582690.1788,568495.1868
603011.SH,合锻智能,891429.1632,891429.1632
603012.SH,创力集团,510735.0,510735.0
603013.SH,亚普股份,818741.7756,818741.7756
603014.SH,威高血净,1340572.9069,325665.0441
603015.SH,弘讯科技,386837.583,386837.583
603016.SH,新宏泰,402995.2,402995.2
603017.SH,中衡设计,241390.3222,241390.3222
603018.SH,华设集团,420222.7701,420222.7701
603019.SH,中科曙光,13475295.597,13474730.103
603020.SH,爱普股份,345962.4138,345962.4138
603021.SH,*ST华鹏,216284.9156,216284.9156
603022.SH,新通联,152600.0,152600.0
603023.SH,威帝股份,203712.851,203712.851
603025.SH,大豪科技,1428201.4892,1418634.5692
603026.SH,石大胜华,1500921.45,1500921.45
603027.SH,千禾味业,980754.3482,980754.3482
603028.SH,赛福天,177103.68,175345.23
603029.SH,天鹅股份,166602.566,166602.566
603030.SH,全筑股份,243632.6975,243632.6975
603031.SH,安孚科技,1394445.58,1172676.192
603032.SH,德新科技,395087.2156,394501.4304
603033.SH,三维股份,780590.7695,766485.967
603035.SH,常熟汽饰,390892.3557,390892.3557
603036.SH,如通股份,242881.074,242881.074
603037.SH,凯众股份,247080.726,246720.9573
603038.SH,华立股份,319994.4261,319994.4261
603039.SH,泛微网络,921071.4654,921071.4654
603040.SH,新坐标,1019350.971,1014020.691
603041.SH,美思德,178569.0075,178569.0075
603042.SH,华脉科技,236115.2508,236115.2508
603043.SH,广州酒家,765810.99,759310.74
603045.SH,福达合金,660837.1308,660837.1308
603048.SH,浙江黎明,268202.88,268202.88
603049.SH,中策橡胶,4243878.6168,2450669.3959
603050.SH,科林电气,723151.3256,723151.3256
603051.SH,鹿山新材,289646.1568,289646.1568
603052.SH,可川科技,939486.5,939486.5
603053.SH,成都燃气,767112.07,767112.07
603055.SH,台华新材,738943.771,736252.247
603057.SH,紫燕食品,847249.715,840892.0
603058.SH,永吉股份,386909.1288,386881.1388
603059.SH,倍加洁,230615.7684,230228.4204
603060.SH,国检集团,422885.1166,422885.1166
603061.SH,金海通,2413119.0,2413119.0
603062.SH,麦加芯彩,379620.0,130311.9465
603063.SH,禾望电气,1334411.7,1328920.45
603065.SH,宿迁联盛,672861.9656,672861.9656
603066.SH,音飞储存,252994.886,252994.886
603067.SH,振华股份,2275642.5048,2275642.5048
603068.SH,博通集成,548103.9403,548103.9403
603069.SH,海汽集团,393104.0,393104.0
603070.SH,万控智造,437892.0,437892.0
603071.SH,物产环能,660060.0552,660060.0552
603072.SH,天和磁材,815039.52,389293.32
603073.SH,彩蝶实业,168432.0,73896.3456
603075.SH,热威股份,741624.8587,76014.7193
603076.SH,乐惠国际,228608.2622,228608.2622
603077.SH,和邦生物,2031291.621,2031291.621
603078.SH,江化微,1237895.412,1237895.412
603079.SH,圣达生物,199615.2576,199615.2576
603080.SH,新疆火炬,253285.0,253285.0
603081.SH,大丰实业,362081.7287,362081.7287
603082.SH,北自科技,641139.8619,156103.5081
603083.SH,剑桥科技,5759435.8337,4310202.1537
603085.SH,天成自控,361758.1,361758.1
603086.SH,先达股份,226537.6251,226537.6251
603087.SH,甘李药业,3857395.69,3623953.8434
603088.SH,宁波精达,448632.3947,391019.5174
603089.SH,正裕工业,223332.633,194426.973
603090.SH,宏盛股份,383300.0,383300.0
603091.SH,众鑫股份,661280.466,203364.546
603092.SH,德力佳,1980000.495,171129.915
603093.SH,南华期货,1190705.6091,1012099.3281
603095.SH,越剑智能,311214.386,311214.386
603096.SH,新经典,211147.1674,211147.1674
603097.SH,江苏华辰,399398.6583,390263.6016
603098.SH,森特股份,514702.08,514015.2
603099.SH,长白山,1004448.5592,1004448.5592
603100.SH,川仪股份,903698.0052,900820.5312
603101.SH,汇嘉时代,339158.4,339158.4
603102.SH,百合股份,204224.0,204224.0
603103.SH,横店影视,855535.8,855535.8
603105.SH,芯能科技,349007.9572,349007.9572
603106.SH,恒银科技,346145.8,346145.8
603107.SH,上海汽配,381525.885,246754.794
603108.SH,润达医疗,566513.7606,566513.7606
603109.SH,神驰机电,336454.7724,336454.7724
603110.SH,东方材料,424185.8836,424185.8836
603111.SH,康尼机电,490495.4683,476591.6688
603112.SH,华翔股份,767285.1494,759675.8365
603113.SH,金能科技,362305.4862,362305.4862
603115.SH,海星股份,1640258.8024,1640258.8024
603116.SH,红蜻蜓,305962.6248,305962.6248
603117.SH,万林物流,206124.0088,206124.0088
603118.SH,共进股份,1362775.4484,1362775.4484
603119.SH,浙江荣泰,2133544.32,1195853.712
603120.SH,肯特催化,397760.0,166760.0
603121.SH,华培动力,371710.0026,371710.0026
603122.SH,合富中国,413178.5988,413178.5988
603123.SH,翠微股份,721259.1498,589005.1377
603124.SH,江南新材,1688603.8872,899175.5568
603125.SH,常青科技,828295.2744,828295.2744
603126.SH,中材节能,352258.5,352258.5
603127.SH,昭衍新药,3414779.7474,2860505.0019
603128.SH,华贸物流,710812.2495,710812.2495
603129.SH,春风动力,4611390.726,4611390.726
603130.SH,云中马,502339.3726,502339.3726
603131.SH,上海沪工,472343.8944,472343.8944
603132.SH,金徽股份,1477758.0,1477758.0
603135.SH,中重科技,550535.1628,546439.0708
603136.SH,天目湖,232308.962,232308.962
603137.SH,恒尚节能,466296.9817,466296.9817
603138.SH,海量数据,350864.906,344569.7655
603139.SH,康惠股份,318017.92,318017.92
603150.SH,万朗磁塑,411258.713,411258.713
603151.SH,邦基科技,206737.1326,206737.1326
603153.SH,上海建科,539377.2076,531374.7432
603155.SH,新亚强,587931.9156,587931.9156
603156.SH,养元饮品,4632780.4576,4632780.4576
603158.SH,腾龙股份,438748.4694,438748.4694
603159.SH,上海亚虹,257040.0,257040.0
603160.SH,汇顶科技,2328050.0688,2328050.0688
603161.SH,科华控股,275087.037,269909.552
603162.SH,海通发展,1491166.7684,457276.728
603163.SH,圣晖集成,706500.0,706500.0
603165.SH,荣晟环保,399666.8952,399666.8952
603166.SH,福达股份,656626.7619,651607.8669
603167.SH,渤海轮渡,403933.4145,403933.4145
603168.SH,莎普爱思,187811.503,187002.028
603169.SH,兰石重装,836026.752,836026.752
603170.SH,宝立食品,487212.18,487212.18
603171.SH,税友股份,1497381.325,1495704.65
603172.SH,万丰股份,201403.8,201403.8
603173.SH,福斯达,501600.0,501600.0
603175.SH,超颖电子,3352014.731,348787.114
603176.SH,汇通集团,196273.0875,190730.2145
603177.SH,德创环保,172338.048,172338.048
603178.SH,圣龙股份,357454.7928,357454.7928
603179.SH,新泉股份,2713955.06,2713955.06
603180.SH,金牌家居,216731.2255,216731.2255
603181.SH,皇马科技,740584.6,740584.6
603182.SH,嘉华股份,185941.5,185941.5
603183.SH,建研院,202838.5464,202838.5464
603185.SH,弘元绿能,933765.9856,928223.3474
603186.SH,华正新材,1907826.804,1907826.804
603187.SH,海容冷链,468313.8912,463422.6228
603188.SH,亚邦股份,218945.28,218945.28
603189.SH,*ST网达,238280.6972,238280.6972
603190.SH,亚通精工,263974.984,87148.5652
603191.SH,望变电气,439512.8472,439512.8472
603192.SH,汇得科技,337563.4746,281461.7235
603193.SH,润本股份,848836.7434,216799.5574
603194.SH,中力股份,1351370.0,532550.653
603195.SH,公牛集团,7215587.8461,7202453.7634
603196.SH,璞源材料,824814.375,466866.951
603197.SH,保隆科技,605692.448,597560.443
603198.SH,迎驾贡酒,2955200.0,2955200.0
603199.SH,九华旅游,350412.88,350412.88
603200.SH,上海洗霸,597158.7803,597158.7803
603201.SH,常润股份,288199.2049,285734.0799
603202.SH,天有为,825280.0,259001.7488
603203.SH,快克智能,1313776.1796,1298741.535
603205.SH,健尔康,317616.0,84168.24
603206.SH,嘉环科技,398286.0,398286.0
603207.SH,小方制药,348018.1512,118269.8814
603208.SH,江山欧派,176231.0586,176231.0586
603209.SH,兴通股份,415025.0,410544.7732
603210.SH,泰鸿万立,445583.6,304574.8475
603211.SH,晋拓股份,636030.72,636030.72
603212.SH,赛伍技术,453240.2616,453240.2616
603213.SH,镇洋发展,613508.2744,613508.2744
603214.SH,爱婴室,170681.28,170681.28
603215.SH,比依股份,283694.7222,247515.9448
603216.SH,梦天家居,446493.45,446493.45
603217.SH,元利科技,389123.812,389123.812
603218.SH,日月股份,993801.8725,992923.7225
603219.SH,富佳股份,715223.6,715223.6
603220.SH,中贝通信,982068.9346,795149.8348
603221.SH,爱丽家居,410405.38,410405.38
603222.SH,济民健康,408520.4868,408520.4868
603223.SH,恒通股份,716409.533,716409.533
603225.SH,新凤鸣,3172140.7758,3155219.9187
603226.SH,菲林格尔,1619265.149,1619265.149
603227.SH,雪峰科技,784479.0564,784479.0564
603228.SH,景旺电子,7283884.58,7251239.926
603229.SH,奥翔药业,607777.4772,607777.4772
603230.SH,内蒙新华,307211.487,307211.487
603231.SH,索宝蛋白,274743.8085,152491.71
603232.SH,格尔软件,351841.4928,349956.9
603233.SH,大参林,2145601.878,2145601.878
603235.SH,天新药业,1044543.08,1044543.08
603236.SH,移远通信,1971245.0976,1971245.0976
603237.SH,五芳斋,267947.9939,259466.0323
603238.SH,诺邦股份,199697.625,199697.625
603239.SH,浙江仙通,362494.08,362494.08
603248.SH,锡华科技,823400.0,127993.95
603255.SH,鼎际得,321000.966,144710.352
603256.SH,宏和科技,13445772.2496,13076269.56
603257.SH,中国瑞林,768120.0,159384.9
603258.SH,电魂网络,278451.2256,276818.5858
603259.SH,药明康德,36706181.0744,30426293.0204
603260.SH,合盛硅业,3807888.4249,3807888.4249
603261.SH,立航科技,343269.645,343269.645
603262.SH,技源集团,772819.32,201599.9496
603266.SH,天龙股份,293954.6904,293954.6904
603267.SH,鸿远电子,1041250.5354,1041250.5354
603268.SH,松发股份,14314126.0335,3439268.301
603269.SH,海鸥股份,508831.799,508831.799
603270.SH,金帝股份,520816.6259,168093.5959
603271.SH,永杰新材,850593.555,406014.768
603272.SH,*ST联翔,153678.841,153678.841
603273.SH,天元智能,277964.4798,72707.7448
603275.SH,众辰科技,507014.6352,141554.688
603276.SH,恒兴新材,306075.363,111496.7502
603277.SH,银都股份,633951.3769,629867.618
603278.SH,大业股份,288786.693,288786.693
603279.SH,景津装备,760235.987,760235.987
603280.SH,南方路机,259634.0465,259634.0465
603281.SH,江瀚新材,988003.104,988003.104
603282.SH,亚光股份,179854.08,179854.08
603283.SH,赛腾股份,1476027.1994,1476027.1994
603285.SH,键邦股份,502400.0,195611.952
603286.SH,日盈电子,446842.1419,440182.7024
603288.SH,海天味业,21657603.9549,20579782.4505
603289.SH,泰瑞机器,228556.9641,228556.9641
603290.SH,斯达半导,1949314.29,1949314.29
603291.SH,联合水务,331381.7298,331381.7298
603296.SH,华勤技术,12760351.824,6720984.7776
603297.SH,永新光学,1125672.0306,1125672.0306
603298.SH,杭叉集团,3533872.776,3533872.776
603299.SH,苏盐井神,871695.88,712602.1606
603300.SH,海南华铁,969606.277,969606.277
603301.SH,振德医疗,2264057.796,2264057.796
603303.SH,得邦照明,887593.9006,887593.9006
603305.SH,旭升集团,1241231.0364,1241231.0364
603306.SH,华懋科技,2026728.0507,2026728.0507
603307.SH,扬州金泉,215685.0645,212272.75
603308.SH,应流股份,2919918.01,2919918.01
603309.SH,维力医疗,336235.8528,336235.8528
603310.SH,巍华新材,494526.88,277822.32
603311.SH,金海高科,587586.7949,587586.7949
603312.SH,西典新能,477918.5065,152096.5465
603313.SH,梦百合,320099.2509,320099.2509
603315.SH,福鞍股份,383478.4611,383478.4611
603316.SH,诚邦股份,339388.743,332179.848
603317.SH,天味食品,1465666.398,1465666.398
603318.SH,水发燃气,470917.5468,389751.1941
603319.SH,美湖股份,780044.31,780044.31
603320.SH,迪贝电气,232518.9258,232518.9258
603321.SH,梅轮电梯,200262.573,197780.023
603322.SH,超讯科技,415871.5652,415871.5652
603323.SH,苏农银行,941447.7344,941447.7344
603324.SH,盛剑科技,387215.9112,387215.9112
603325.SH,博隆技术,415780.788,177650.0904
603326.SH,我乐家居,188952.7248,188952.7248
603327.SH,福蓉科技,937777.0818,937777.0818
603328.SH,依顿电子,872638.8324,872638.8324
603329.SH,上海雅仕,232047.5136,191523.5168
603330.SH,天洋新材,304169.5408,285919.3796
603331.SH,百达精工,233917.1692,233917.1692
603332.SH,苏州龙杰,221323.1856,221323.1856
603333.SH,福华尚纬,530163.0428,530163.0428
603334.SH,丰倍生物,448724.5,99490.8209
603335.SH,迪生力,241473.5544,241473.5544
603336.SH,宏辉果蔬,514367.4705,514367.4705
603337.SH,杰克科技,1812746.5185,1777048.389
603338.SH,浙江鼎力,2947451.1259,2947451.1259
603339.SH,四方科技,362974.5276,362974.5276
603341.SH,龙旗科技,1984276.6753,1010810.1193
603344.SH,星德胜,417268.995,115896.495
603345.SH,安井食品,2887948.3185,2541394.243
603348.SH,文灿股份,412594.0864,412594.0864
603350.SH,安乃达,303000.894,114767.8245
603351.SH,威尔药业,314354.1511,314354.1511
603352.SH,至信股份,552386.5042,110477.2521
603353.SH,和顺石油,480408.342,480408.342
603355.SH,莱克电气,1467896.064,1467896.064
603356.SH,华菱精工,190009.5,190009.5
603357.SH,设计总院,325675.6573,325675.6573
603358.SH,华达科技,1759657.278,1729792.6676
603359.SH,*ST东珠,96356.736,96356.736
603360.SH,百傲化学,880660.9539,880660.9539
603363.SH,傲农生物,751042.0225,590312.1675
603365.SH,水星家纺,481418.2142,478919.2058
603366.SH,日出东方,537424.7941,537424.7941
603367.SH,辰欣药业,636119.5105,636119.5105
603368.SH,柳药集团,608130.6534,608130.6534
603369.SH,今世缘,3370100.4,3370100.4
603370.SH,华新精科,555816.15,111163.23
603373.SH,安邦护卫,488946.4496,206579.9456
603375.SH,盛景微,333508.4458,211306.1217
603376.SH,大明电子,940402.351,75233.8808
603377.SH,ST东时,205284.1238,205284.1238
603378.SH,*ST亚士,221155.8456,221155.8456
603379.SH,三美股份,3520632.393,3520632.393
603380.SH,易德龙,522236.106,522236.106
603381.SH,永臻股份,335954.9208,201266.9832
603382.SH,海阳科技,298883.5586,190436.2491
603383.SH,顶点软件,609967.908,609967.908
603385.SH,惠达卫浴,180435.21,180435.21
603386.SH,骏亚科技,377555.2482,377555.2482
603387.SH,基蛋生物,436659.1635,436659.1635
603389.SH,亚振家居,1224161.568,1224161.568
603390.SH,通达电气,330904.532,330360.634
603391.SH,力聚热能,473746.0,118436.5
603392.SH,万泰生物,3692026.976,3692026.976
603393.SH,新天然气,1042846.398,1042846.398
603395.SH,红四方,592800.0,148200.0
603396.SH,金辰股份,319721.47,319721.47
603398.SH,*ST沐邦,393746.482,393746.482
603399.SH,永杉锂业,736161.5922,736161.5922
603400.SH,华之杰,556321.9785,155245.9785
603402.SH,陕西旅游,669451.2447,167362.6447
603406.SH,天富龙,1060026.5,97155.625
603408.SH,建霖家居,441754.551,441754.551
603409.SH,汇通控股,307955.756,88359.92
603416.SH,信捷电气,733076.519,651680.287
603418.SH,友升股份,832317.8724,178322.7906
603421.SH,鼎信通讯,351530.6795,351530.6795
603429.SH,*ST集友,427980.168,427980.168
603439.SH,三力制药,415147.7256,415147.7256
603444.SH,吉比特,2506309.869,2506309.869
603456.SH,九洲药业,1257318.46,1257318.46
603458.SH,勘设股份,262654.821,262654.821
603466.SH,风语筑,573414.674,573414.674
603477.SH,巨星农牧,776101.762,756945.0865
603486.SH,科沃斯,3359920.3281,3329458.5482
603488.SH,展鹏科技,220160.7616,220160.7616
603489.SH,八方股份,582087.258,582087.258
603496.SH,恒为科技,797961.3264,797961.3264
603499.SH,翔港科技,446084.6013,446084.6013
603500.SH,祥和实业,274213.4392,274069.8984
603501.SH,豪威集团,11543877.54,11078074.242
603505.SH,金石资源,1339936.7296,1339936.7296
603506.SH,南都物业,172567.7982,172567.7982
603507.SH,振江股份,577742.412,571382.5884
603508.SH,思维列控,848716.8144,848716.8144
603511.SH,爱慕股份,461073.2048,456543.9728
603515.SH,欧普照明,1248514.4554,1240896.341
603516.SH,淳中科技,1902388.0197,1902388.0197
603517.SH,ST绝味,615091.9285,615091.9285
603518.SH,锦泓集团,266266.392,265281.054
603519.SH,立霸股份,375522.198,375522.198
603520.SH,司太立,370894.7754,370894.7754
603527.SH,众源新材,286224.9936,286224.9936
603528.SH,多伦科技,418616.5493,418616.5493
603529.SH,爱玛科技,1842576.736,1806998.986
603530.SH,神马电力,1871432.2872,1854342.3024
603533.SH,掌阅科技,885254.8456,885254.8456
603535.SH,嘉诚国际,305018.2436,305018.2436
603536.SH,惠发食品,201660.809,200122.8403
603538.SH,美诺华,907608.294,899576.4
603551.SH,奥普科技,342753.1767,338476.3767
603556.SH,海兴电力,1084855.4302,1084855.4302
603557.SH,*ST起步,238776.3327,238776.3327
603558.SH,健盛集团,442688.296,442688.296
603559.SH,中通国脉,316607.553,316607.553
603565.SH,中谷物流,2171465.2454,2171465.2454
603566.SH,普莱柯,349522.923,349522.923
603567.SH,珍宝岛,646881.8864,646309.4704
603568.SH,伟明环保,3154624.396,3154624.396
603569.SH,长久物流,340378.1172,340378.1172
603577.SH,汇金通,305903.4682,305903.4682
603578.SH,三星新材,266360.849,205246.266
603579.SH,荣泰健康,351841.7,351841.7
603580.SH,艾艾精工,688647.764,688647.764
603583.SH,捷昌驱动,903452.262,895222.474
603585.SH,苏利股份,261588.01,257256.2
603586.SH,金麒麟,240752.8384,240752.8384
603587.SH,地素时尚,552589.5732,552589.5732
603588.SH,高能环境,1916229.001,1916229.001
603589.SH,口子窖,1164538.6665,1164538.6665
603590.SH,康辰药业,495794.739,493340.873
603595.SH,ST东尼,509048.637,509048.637
603596.SH,伯特利,2209993.8654,2209993.8654
603598.SH,引力传媒,420466.8211,419999.1211
603599.SH,广信股份,928474.686,928474.686
603600.SH,永艺股份,304989.8436,304989.8436
603601.SH,再升科技,927580.892,927580.892
603602.SH,纵横通信,233137.0175,233137.0175
603605.SH,珀莱雅,2386151.376,2386151.376
603606.SH,东方电缆,3233249.32,3233249.32
603607.SH,京华激光,357033.6,357033.6
603608.SH,天创时尚,731476.1137,731476.1137
603609.SH,禾丰股份,551450.187,551450.187
603610.SH,麒盛科技,481480.5424,481480.5424
603611.SH,诺力股份,417828.4976,417828.4976
603612.SH,索通发展,807427.3945,807427.3945
603613.SH,国联股份,1350287.8372,1350287.8372
603615.SH,茶花股份,361762.72,361762.72
603616.SH,韩建河山,186639.076,185229.226
603617.SH,君禾股份,240123.7608,238223.4008
603618.SH,杭电股份,1653770.4352,1653770.4352
603619.SH,中曼石油,971373.1885,971373.1885
603626.SH,科森科技,719124.0912,719124.0912
603628.SH,清源股份,247829.0328,247405.8933
603629.SH,利通电子,3797468.44,3735290.807
603630.SH,拉芳家化,339833.7414,339833.7414
603633.SH,徕木股份,242428.5344,242428.5344
603636.SH,南威软件,363886.0335,363886.0335
603637.SH,镇海股份,264941.349,264941.349
603638.SH,艾迪精密,1692693.868,1692693.868
603639.SH,海利尔,359088.7014,349055.0141
603648.SH,畅联股份,313849.4848,313849.4848
603650.SH,彤程新材,3987202.4512,3977606.4168
603655.SH,朗博科技,259382.0,259382.0
603656.SH,泰禾智能,311556.0162,311556.0162
603657.SH,春光科技,295119.9883,295119.9883
603658.SH,安图生物,1823987.9616,1823987.9616
603659.SH,璞泰来,5137465.3432,5137465.3432
603660.SH,苏州科达,469766.9994,469766.9994
603661.SH,恒林股份,387023.461,387023.461
603662.SH,柯力传感,1346298.5406,1346298.5406
603663.SH,三祥新材,2254972.8099,2253441.0531
603665.SH,康隆达,337953.847,337953.847
603666.SH,亿嘉和,420104.1376,420104.1376
603667.SH,五洲新春,1948327.92,1862141.238
603668.SH,天马科技,555870.5733,555870.5733
603669.SH,灵康药业,370412.224,370412.224
603676.SH,卫信康,370322.4365,370322.4365
603677.SH,奇精机械,240173.3223,240173.3223
603678.SH,火炬电子,1934129.3622,1934129.3622
603679.SH,华体科技,319302.1014,319302.1014
603680.SH,今创集团,746100.2976,746100.2976
603681.SH,永冠新材,411293.314,411293.314
603682.SH,锦和商管,406350.0,406350.0
603683.SH,晶华新材,431604.7866,427180.4238
603685.SH,晨丰科技,639711.8145,509506.7553
603686.SH,福龙马,513471.9744,513471.9744
603687.SH,大胜达,696340.3854,696340.3854
603688.SH,石英股份,2416968.5746,2416968.5746
603689.SH,皖天然气,387524.4758,385781.176
603690.SH,至纯科技,995707.18,995707.18
603693.SH,江苏新能,1066205.1764,1066205.1764
603696.SH,安记食品,257308.8,257308.8
603697.SH,有友食品,405879.8029,405879.8029
603698.SH,航天工程,1150234.54,1150234.54
603699.SH,纽威股份,3155401.403,3085640.789
603700.SH,宁水集团,219758.1281,219758.1281
603701.SH,德宏股份,467053.7153,467053.7153
603703.SH,盛洋科技,353979.7313,353979.7313
603706.SH,东方环宇,346380.9583,346380.9583
603707.SH,健友股份,1255360.827,1255360.827
603708.SH,家家悦,587271.604,587271.604
603709.SH,中源家居,162418.9245,161828.8895
603711.SH,香飘飘,428150.4417,428150.4417
603712.SH,七一二,870044.0,870044.0
603713.SH,密尔克卫,997062.3552,997062.3552
603716.SH,塞力医疗,370974.2844,370974.2844
603717.SH,天域生物,151166.1702,151166.1702
603718.SH,*ST海利,181881.4113,181065.3363
603719.SH,良品铺子,341867.7406,341867.7406
603721.SH,中广天择,198510.0,198510.0
603722.SH,阿科力,283388.29,277530.29
603725.SH,天安新材,324063.7351,324063.7351
603726.SH,朗迪集团,442558.9305,440305.1055
603727.SH,博迈科,475542.1784,475542.1784
603728.SH,鸣志电器,1969166.6325,1969166.6325
603729.SH,ST龙韵,94745.7228,94745.7228
603730.SH,岱美股份,1991746.3599,1991746.3599
603733.SH,仙鹤股份,1700703.9092,1700703.9092
603737.SH,三棵树,2080645.35,2080645.35
603738.SH,泰晶科技,1183131.075,1183131.075
603739.SH,蔚蓝生物,279849.9634,279849.9634
603755.SH,日辰股份,203735.9042,203735.9042
603757.SH,大元泵业,1056603.9072,1056603.9072
603758.SH,秦安股份,386772.588,386772.588
603759.SH,海天股份,319537.92,319537.92
603766.SH,隆鑫通用,2918083.0399,2918083.0399
603767.SH,中马传动,418504.314,418504.314
603768.SH,常青股份,249615.7391,249615.7391
603773.SH,沃格光电,1764339.31,1763727.01
603776.SH,永安行,525864.6038,525864.6038
603777.SH,来伊份,438095.702,438095.702
603778.SH,国晟科技,595357.9742,579857.1042
603779.SH,威龙股份,229801.2976,229801.2976
603786.SH,科博达,1608561.2361,1608561.2361
603787.SH,新日股份,218176.3224,218176.3224
603788.SH,宁波高发,312737.2702,312737.2702
603789.SH,ST星农,159393.9746,156260.0
603790.SH,雅运股份,419078.4,419078.4
603797.SH,联泰环保,220839.7916,220839.7916
603798.SH,康普顿,292609.1077,292609.1077
603799.SH,华友钴业,7437776.02,7414521.0816
603800.SH,洪田股份,1297088.0,1297088.0
603801.SH,志邦家居,234115.4585,234115.4585
603803.SH,瑞斯康达,447827.3144,447827.3144
603806.SH,福斯特,3623547.7773,3623547.7773
603808.SH,歌力思,270617.5008,270617.5008
603809.SH,豪能股份,791448.368,791448.368
603810.SH,丰山集团,178073.5494,178073.5494
603811.SH,诚意药业,322132.878,322132.878
603813.SH,原尚股份,304753.53,304753.53
603815.SH,交建股份,316889.1904,316889.1904
603816.SH,顾家家居,2004341.66,1990747.932
603817.SH,海峡环保,311835.948,311835.948
603818.SH,曲美家居,220380.5919,220380.5919
603819.SH,神力股份,250171.9998,250171.9998
603822.SH,ST嘉澳,430225.04,430225.04
603823.SH,百合花,2560244.9873,2560244.9873
603825.SH,ST华扬,181135.669,181135.669
603826.SH,坤彩科技,1278491.76,1278491.76
603828.SH,*ST利达,244343.641,244335.236
603829.SH,洛凯股份,257047.356,257047.356
603833.SH,欧派家居,1956599.1148,1956599.1148
603836.SH,海程邦达,241560.6492,235416.3292
603838.SH,*ST四通,226891.344,226891.344
603839.SH,安正时尚,243046.1736,243046.1736
603843.SH,*ST正平,448458.4712,448458.4712
603848.SH,好太太,513068.2875,513068.2875
603855.SH,华荣股份,542380.177,539200.7275
603856.SH,东宏股份,310261.71,310261.71
603858.SH,步长制药,1647235.8408,1647235.8408
603859.SH,能科科技,956905.5672,878954.1384
603860.SH,中公高科,156031.2,156031.2
603861.SH,白云电器,641606.736,627432.1755
603863.SH,松炀资源,254379.95,254379.95
603866.SH,桃李面包,655884.872,655884.872
603867.SH,新化股份,585256.7097,580412.9097
603868.SH,飞科电器,1300266.0,1300266.0
603869.SH,ST智知,388454.49,388454.49
603871.SH,嘉友国际,1708642.8663,1708642.8663
603876.SH,鼎胜新材,2009075.6864,2009075.6864
603877.SH,太平鸟,623563.6696,622792.4172
603878.SH,武进不锈,259251.3,259251.3
603879.SH,永悦科技,167095.146,167095.146
603880.SH,南卫股份,183252.628,183252.628
603881.SH,数据港,2062891.3932,2062891.3932
603882.SH,金域医学,1229950.7865,1221657.363
603883.SH,老百姓,934952.7264,934952.7264
603885.SH,吉祥航空,2383736.8247,2383736.8247
603886.SH,元祖股份,240720.0,240720.0
603887.SH,城地香江,523163.5486,523163.5486
603888.SH,新华网,1180117.08,1180117.08
603889.SH,新澳股份,541046.679,537018.318
603890.SH,春秋电子,830660.1303,830660.1303
603893.SH,瑞芯微,8438647.5224,8437570.1144
603895.SH,天永智能,236479.04,236479.04
603896.SH,寿仙谷,286858.9233,286858.9233
603897.SH,长城科技,504115.9794,504115.9794
603898.SH,好莱客,311638.221,311638.221
603899.SH,晨光股份,2093508.2844,2093508.2844
603900.SH,莱绅通灵,186915.271,186784.471
603901.SH,永创智能,509851.9504,479417.068
603903.SH,中持股份,286213.1595,286213.1595
603906.SH,龙蟠科技,1480961.4768,1053929.448
603908.SH,牧高笛,155149.582,155149.582
603909.SH,建发合诚,215315.9806,215315.9806
603912.SH,佳力图,383126.9121,383126.9121
603915.SH,国茂股份,824834.8875,810941.1375
603916.SH,苏博特,398470.7544,398470.7544
603917.SH,合力科技,238288.96,238288.96
603918.SH,金桥信息,380442.015,380442.015
603919.SH,金徽酒,753281.1,753281.1
603920.SH,世运电路,2364263.3363,2364263.3363
603922.SH,ST金鸿顺,177587.2,177587.2
603926.SH,铁流股份,352974.699,349720.479
603927.SH,中科软,1102790.08,1102790.08
603928.SH,兴业股份,418384.512,418384.512
603929.SH,亚翔集成,3467313.36,3467313.36
603931.SH,格林达,678498.56,678498.56
603933.SH,睿能科技,362165.327,362165.327
603936.SH,博敏电子,849923.316,830234.166
603937.SH,丽岛新材,208474.216,208474.216
603938.SH,三孚股份,1506010.032,1506010.032
603939.SH,益丰药房,2724245.9475,2724245.9475
603948.SH,建业股份,312141.7532,312141.7532
603949.SH,雪龙集团,275432.8669,274738.3271
603950.SH,长源东谷,1892599.7412,1891069.9232
603955.SH,大千生态,255832.2,255832.2
603956.SH,威派格,359040.969,359040.969
603958.SH,哈森股份,299645.76,299645.76
603959.SH,ST百利,204944.982,204944.982
603960.SH,克来机电,388052.892,388052.892
603966.SH,法兰泰克,394979.7291,394450.0989
603967.SH,中创物流,386880.0372,386880.0372
603968.SH,醋化股份,190370.88,190370.88
603969.SH,银龙股份,603972.9234,590126.7834
603970.SH,中农立华,266112.099,266112.099
603976.SH,正川股份,420438.0183,420438.0183
603977.SH,国泰集团,675289.8366,675289.8366
603978.SH,深圳新星,383347.2488,383347.2488
603979.SH,金诚信,4456998.127,4456998.127
603980.SH,吉华集团,439941.71,439941.71
603982.SH,泉峰汽车,197169.606,183358.89
603983.SH,丸美生物,1303651.0,1303651.0
603985.SH,恒润股份,665695.58,665695.58
603986.SH,兆易创新,27412264.935,26113299.0897
603987.SH,康德莱,311431.9117,311431.9117
603988.SH,中电电机,415363.2,415363.2
603989.SH,艾华集团,1050386.2566,1050386.2566
603990.SH,麦迪科技,582408.2232,582408.2232
603991.SH,领先股份,1828545.9478,1072110.051
603992.SH,松霖科技,1011907.4712,1011907.4712
603993.SH,洛阳钼业,40649189.38,33175600.18
603995.SH,甬金股份,710856.5725,710856.5725
603997.SH,继峰股份,1475827.284,1475827.284
603998.SH,方盛制药,400881.3182,400881.3182
603999.SH,读者传媒,305856.0,305856.0
605001.SH,威奥股份,197621.658,197621.658
605003.SH,众望布艺,211530.0,211530.0
605005.SH,合兴股份,585861.0,585861.0
605006.SH,山东玻纤,858832.1082,858832.1082
605007.SH,五洲特纸,705983.32,704272.4164
605008.SH,长鸿高科,773216.9928,773216.9928
605009.SH,豪悦护理,500850.975,500850.975
605011.SH,杭州热电,698974.7,698974.7
605016.SH,百龙创园,858505.1412,858505.1412
605018.SH,长华集团,562198.6968,562198.6968
605020.SH,永和股份,1640749.6644,1615391.888
605028.SH,世茂能源,440000.0,440000.0
605033.SH,美邦股份,229299.2,229299.2
605050.SH,福然德,503178.6132,503178.6132
605055.SH,迎丰股份,366960.0,366960.0
605056.SH,咸亨国际,537942.6648,530058.6648
605058.SH,澳弘电子,333873.0336,333873.0336
605060.SH,联德股份,864447.056,858512.8572
605066.SH,天正电气,321557.184,321557.184
605068.SH,明新旭腾,276061.847,276061.847
605069.SH,正和生态,200054.421,200054.421
605077.SH,华康股份,315172.104,311406.784
605080.SH,浙江自然,272377.4836,271298.8696
605086.SH,龙高股份,391014.4,391014.4
605088.SH,冠盛股份,393085.9079,390114.9721
605089.SH,味知香,251850.0,251850.0
605090.SH,九丰能源,2239166.5036,2236905.502
605098.SH,行动教育,670906.6886,670906.6886
605099.SH,共创草坪,1268592.2085,1265826.3969
605100.SH,华丰股份,736187.76,732746.784
605108.SH,同庆楼,320320.0,320320.0
605111.SH,新洁能,2102828.9538,2102828.9538
605116.SH,奥锐特,771341.8968,771341.8968
605117.SH,德业股份,10593281.92,10593281.92
605118.SH,力鼎光电,1160589.83,1153826.907
605122.SH,四方新材,171664.584,171664.584
605123.SH,派克新材,886607.4753,886607.4753
605128.SH,上海沿浦,681351.139,681351.139
605133.SH,嵘泰股份,682092.7641,674544.3771
605136.SH,丽人丽妆,304348.46,304348.46
605138.SH,盛泰集团,297230.8595,297230.8595
605151.SH,西上海,217035.9246,217035.9246
605155.SH,西大门,241992.0965,236338.0525
605158.SH,华达新材,334468.68,334468.68
605162.SH,新中港,408747.1349,408747.1349
605166.SH,聚合顺,256508.21,256508.21
605167.SH,利柏特,670528.494,670528.494
605168.SH,三人行,714880.447,714880.447
605169.SH,洪通燃气,273544.96,273544.96
605177.SH,东亚药业,171965.8796,170364.7977
605178.SH,时空科技,618358.28,618358.28
605179.SH,一鸣食品,583455.0,583455.0
605180.SH,华生科技,184210.0,184210.0
605183.SH,确成股份,582088.5288,578226.0188
605186.SH,健麾信息,321776.0,321776.0
605188.SH,国光连锁,579338.7565,579338.7565
605189.SH,富春染织,370455.2695,370455.2695
605196.SH,华通线缆,1585546.7366,1566899.5684
605198.SH,安德利,1820990.412,1474150.664
605199.SH,ST葫芦娃,222060.384,222060.384
605208.SH,永茂泰,388669.32,388669.32
605218.SH,伟时电子,305703.8332,267957.3765
605222.SH,起帆电缆,751492.196,751492.196
605228.SH,神通科技,500133.7332,498129.2532
605255.SH,天普股份,1001979.84,1001979.84
605258.SH,协和电子,210760.0,210760.0
605259.SH,绿田机械,299597.76,299597.76
605266.SH,健之佳,245877.7539,245877.7539
605268.SH,王力安防,386802.9,386802.9
605277.SH,新亚电子,562961.2592,552790.9416
605286.SH,同力天启,369768.0,369768.0
605287.SH,德才股份,458080.0,458080.0
605288.SH,凯迪股份,643124.3,638810.25
605289.SH,罗曼股份,1377614.9835,1375701.2595
605296.SH,神农集团,1575008.1858,1550327.3092
605298.SH,必得科技,853778.25,846510.795
605299.SH,舒华体育,468808.195,468808.195
605300.SH,佳禾食品,417592.3134,417592.3134
605303.SH,园林股份,316509.0162,316509.0162
605305.SH,中际联合,807576.0,807576.0
605318.SH,法狮龙,942716.042,942716.042
605319.SH,无锡振华,782468.3595,778119.0495
605333.SH,沪光股份,754065.65,754065.65
605336.SH,*ST帅电,179560.8375,179560.8375
605337.SH,李子园,345630.9922,345630.9922
605338.SH,巴比食品,444156.6618,444156.6618
605339.SH,南侨食品,502360.0704,502360.0704
605358.SH,立昂微,3100380.591,3100380.591
605365.SH,立达信,647596.641,647596.641
605366.SH,宏柏新材,560300.0825,560300.0825
605368.SH,蓝天燃气,473803.6017,473803.6017
605369.SH,拱东医疗,347937.7962,347937.7962
605376.SH,博迁新材,3570578.4,3570578.4
605377.SH,华旺科技,504899.9621,504899.9621
605378.SH,野马电池,339750.32,339750.32
605388.SH,均瑶健康,303244.42,303244.42
605389.SH,长龄液压,1298080.476,1227627.324
605398.SH,新炬网络,311764.6224,311764.6224
605399.SH,晨光新材,304209.7601,303890.2811
605488.SH,福莱新材,701972.622,645788.754
605499.SH,东鹏饮料,9923437.7388,9137044.4204
605500.SH,森林包装,263972.8,263972.8
605507.SH,国邦医药,1214211.7008,1214211.7008
605555.SH,德昌股份,534896.245,534896.245
605566.SH,福莱蒽特,302681.8,302681.8
605567.SH,春雪食品,160400.0,160400.0
605577.SH,龙版传媒,408888.848,408888.848
605580.SH,恒盛能源,463120.0,463120.0
605588.SH,冠石科技,297791.632,297076.7744
605589.SH,圣泉集团,3055462.485,3053767.59
605598.SH,上海港湾,604625.7984,604625.7984
605599.SH,菜百股份,1229666.7018,1229666.7018
688001.SH,华兴源创,2216358.32,2216358.32
688002.SH,睿创微纳,6674255.4636,6674255.4636
688003.SH,天准科技,1384902.0108,1384902.0108
688004.SH,博汇科技,175312.632,175312.632
688005.SH,容百科技,1900171.3892,1900171.3892
688006.SH,杭可科技,1236924.3378,1236924.3378
688007.SH,光峰科技,472025.2212,472025.2212
688008.SH,澜起科技,25147964.952,23586727.758
688009.SH,中国通号,5506705.88,4482929.36
688010.SH,福光股份,426291.048,426291.048
688011.SH,新光光电,634312.5,632160.9375
688012.SH,中微公司,36685360.09,36086145.1
688013.SH,天臣医疗,183492.8116,183492.8116
688015.SH,交控科技,278304.0325,278304.0325
688016.SH,心脉医疗,1117617.4607,1117617.4607
688017.SH,绿的谐波,5372121.9203,5372121.9203
688018.SH,乐鑫科技,2317826.3427,2317826.3427
688019.SH,安集科技,5755565.31,5755565.31
688020.SH,方邦股份,874790.248,874790.248
688021.SH,奥福科技,133800.3887,133800.3887
688022.SH,ST瀚川,130325.8203,130325.8203
688023.SH,安恒信息,365889.0331,365889.0331
688025.SH,杰普特,2775917.727,2775917.727
688026.SH,洁特生物,169981.2884,169927.0356
688027.SH,国盾量子,3836612.439,2997884.7456
688028.SH,沃尔德,1136645.97,1136645.97
688029.SH,南微医学,1321694.3064,1321694.3064
688030.SH,山石网科,255934.978,255934.978
688031.SH,星环科技,1026747.8884,1026747.8884
688032.SH,禾迈股份,923727.2075,923727.2075
688033.SH,*ST天宜,350249.7278,350249.7278
688035.SH,德邦科技,823142.88,823142.88
688036.SH,传音控股,7551770.32,7551770.32
688037.SH,芯源微,6707525.526,6707525.526
688038.SH,中科通达,199114.8874,199114.8874
688039.SH,当虹科技,348947.417,348947.417
688041.SH,海光信息,69330356.8468,69330356.8468
688045.SH,必易微,341380.949,341380.949
688046.SH,药康生物,1053290.0,1053290.0
688047.SH,龙芯中科,4210500.0,4210500.0
688048.SH,长光华芯,4651674.0012,4651674.0012
688049.SH,炬芯科技,735704.34,735704.34
688050.SH,爱博医疗,773363.9246,773363.9246
688051.SH,佳华科技,164489.418,164489.418
688052.SH,纳芯微,3125565.4032,2741429.3832
688053.SH,ST思科瑞,297000.0,297000.0
688055.SH,龙腾光电,1253333.3584,1253333.3584
688056.SH,莱伯泰科,243301.1675,243301.1675
688057.SH,金达莱,447948.0,447948.0
688058.SH,宝兰德,150156.27,150156.27
688059.SH,华锐精密,1063999.3815,995807.01
688060.SH,云涌科技,181775.914,181775.914
688061.SH,灿瑞科技,416014.5174,416014.5174
688062.SH,迈威生物,1315620.439,678056.8
688063.SH,派能科技,1054553.8416,1054553.8416
688065.SH,凯赛生物,3209739.61,2596032.1
688066.SH,*ST航图,201973.6498,201973.6498
688067.SH,爱威科技,127772.0,127772.0
688068.SH,热景生物,1034300.9691,1034300.9691
688069.SH,德林海,523624.119,523624.119
688070.SH,纵横股份,277817.211,277817.211
688071.SH,华依科技,295492.1045,295492.1045
688072.SH,拓荆科技,20638209.0,20071203.0
688073.SH,毕得医药,424332.2601,424332.2601
688075.SH,安旭生物,349350.6172,349350.6172
688076.SH,ST诺泰,844948.272,844948.272
688077.SH,大地熊,261125.4585,261125.4585
688078.SH,龙软科技,151180.082,151180.082
688079.SH,美迪凯,571851.4389,562031.6256
688080.SH,映翰通,240192.5421,240192.5421
688081.SH,兴图新科,281814.4,281814.4
688082.SH,盛美上海,13851007.8867,13702230.513
688083.SH,中望软件,741353.894,741353.894
688084.SH,晶品特装,291438.8532,291438.8532
688085.SH,三友医疗,457410.5736,437217.6532
688087.SH,英科再生,708300.02,679796.075
688088.SH,虹软科技,1221965.0384,1221965.0384
688089.SH,ST嘉必优,133805.7345,133805.7345
688090.SH,瑞松科技,890909.3925,890909.3925
688091.SH,上海谊众,756535.3224,754227.3667
688092.SH,爱科科技,164583.4267,164583.4267
688093.SH,世华科技,704601.9764,704601.9764
688095.SH,福昕软件,468582.8755,468582.8755
688096.SH,京源环保,182563.2798,182563.2798
688097.SH,博众精工,1848228.5964,1841446.4144
688098.SH,申联生物,335496.148,335496.148
688099.SH,晶晨股份,4033392.96,4033392.96
688100.SH,威胜信息,1371801.708,1371801.708
688101.SH,三达膜,482745.5934,482745.5934
688102.SH,斯瑞新材,2122961.85,2116798.2414
688103.SH,国力电子,613355.886,613355.886
688105.SH,诺唯赞,927988.2545,927988.2545
688106.SH,金宏气体,1504431.569,1504431.569
688107.SH,安路科技,1161661.5612,1161661.5612
688108.SH,赛诺医疗,659946.208,659946.208
688109.SH,品茗科技,520043.8108,520043.8108
688110.SH,东芯股份,4689200.44,4689200.44
688111.SH,金山办公,11193859.2616,11193859.2616
688112.SH,鼎阳科技,756968.0967,756968.0967
688113.SH,联测科技,208068.6456,208068.6456
688114.SH,华大智造,1984699.2165,1980513.164
688115.SH,思林杰,439715.318,439715.318
688116.SH,天奈科技,1172902.72,1172902.72
688117.SH,圣诺生物,514054.1532,514054.1532
688118.SH,普元信息,172729.2117,172729.2117
688119.SH,中钢洛耐,428625.0,428625.0
688120.SH,华海清科,12764062.38,12764062.38
688121.SH,*ST卓然,55600.132,48234.6746
688122.SH,西部超导,3252220.487,3252220.487
688123.SH,聚辰股份,1853439.9264,1853439.9264
688125.SH,安达智能,844613.0738,842339.2645
688126.SH,沪硅产业,8361709.202,7190511.482
688127.SH,蓝特光学,2433762.6092,2433762.6092
688128.SH,中国电研,866439.0,866439.0
688129.SH,东来技术,224090.568,224090.568
688130.SH,晶华微,218933.7821,109176.3161
688131.SH,皓元医药,1500101.8935,1500101.8935
688132.SH,邦彦技术,188302.5724,188302.5724
688133.SH,泰坦科技,328874.0,328874.0
688135.SH,利扬芯片,506534.7747,506534.7747
688136.SH,科兴制药,357715.435,357715.435
688137.SH,近岸蛋白,239047.9325,239047.9325
688138.SH,清溢光电,941566.8,941566.8
688139.SH,海尔生物,855163.8158,855163.8158
688141.SH,杰华特,5182300.9728,5182300.9728
688143.SH,长盈通,1171132.5952,1112872.7936
688146.SH,中船特气,14601174.686,3998294.664
688147.SH,微导纳米,4992513.8619,4992513.8619
688148.SH,芳源股份,325490.4378,325490.4378
688150.SH,莱特光电,1500287.3728,1500287.3728
688151.SH,华强科技,554645.0,554645.0
688152.SH,麒麟信安,262489.5056,262489.5056
688153.SH,唯捷创芯,1028448.07,999414.828
688155.SH,先惠技术,720685.2,720685.2
688156.SH,路德科技,189745.5528,189745.5528
688157.SH,松井股份,342584.0725,342584.0725
688158.SH,优刻得,1315773.7656,1170599.8584
688159.SH,有方科技,279208.503,279208.503
688160.SH,步科股份,960496.056,960496.056
688161.SH,威高骨科,823200.0,823200.0
688162.SH,巨一科技,284347.0592,284347.0592
688163.SH,赛伦生物,318166.8,318166.8
688165.SH,埃夫特,808759.0,808759.0
688166.SH,博瑞医药,1506107.52,1506107.52
688167.SH,炬光科技,2492552.267,2492552.267
688168.SH,安博通,386310.925,386310.925
688169.SH,石头科技,2724057.4284,2724057.4284
688170.SH,德龙激光,472975.36,472975.36
688171.SH,纬德信息,311641.0836,311641.0836
688172.SH,燕东微,7937556.636,6665072.796
688173.SH,希荻微,509512.3586,504734.6881
688175.SH,高凌信息,280747.207,280747.207
688176.SH,亚虹医药,684341.8712,684341.8712
688177.SH,百奥泰,703521.92,703521.92
688178.SH,万德斯,205439.6826,205439.6826
688179.SH,阿拉丁,619392.4371,619392.4371
688180.SH,君实生物,3667336.3228,2737560.0824
688181.SH,八亿时空,481036.1184,481036.1184
688182.SH,灿勤科技,950400.0,950400.0
688183.SH,生益电子,7485552.5544,7485552.5544
688184.SH,ST帕瓦,160019.1859,100229.4259
688185.SH,康希诺,1210514.62,560427.21
688186.SH,广大特材,382307.0522,382307.0522
688187.SH,时代电气,6021432.885,3931806.4375
688188.SH,柏楚电子,4016233.9419,4016233.9419
688189.SH,ST南新,178976.0864,178976.0864
688190.SH,云路股份,801240.0,801240.0
688191.SH,智洋创新,621893.1192,621893.1192
688192.SH,迪哲医药,2493289.224,2472107.576
688193.SH,仁度生物,172300.57,172300.57
688195.SH,腾景科技,2094486.94,2094486.94
688196.SH,卓越新能,407900.8956,407900.8956
688197.SH,首药控股,524682.0432,225809.2872
688198.SH,佰仁医疗,1088898.7305,1088898.7305
688199.SH,久日新材,334062.9656,334062.9656
688200.SH,华峰测控,7146410.3937,7146410.3937
688201.SH,ST信安,208687.2004,208687.2004
688202.SH,美迪西,1053321.248,1053321.248
688203.SH,海正生材,181599.5776,181599.5776
688205.SH,德科立,1942697.5,1942697.5
688206.SH,概伦电子,1414515.312,1414515.312
688207.SH,格灵深瞳,402185.2243,402185.2243
688208.SH,道通科技,1751190.2694,1751190.2694
688209.SH,英集芯,937841.008,937841.008
688210.SH,统联精密,439346.0105,439346.0105
688211.SH,中科微至,365880.2839,365880.2839
688212.SH,澳华内镜,350129.78,350129.78
688213.SH,思特威,3713291.764,2985992.685
688215.SH,瑞晟智能,279546.9222,279546.9222
688216.SH,气派科技,310035.653,287915.007
688217.SH,睿昂基因,108304.5901,108304.5901
688218.SH,江苏北人,420941.7342,420941.7342
688219.SH,会通股份,555645.6,555645.6
688220.SH,翱捷科技,4375427.414,4375427.414
688221.SH,前沿生物,728930.1502,728930.1502
688222.SH,成都先导,1132321.68,1132321.68
688223.SH,晶科能源,4251536.6761,4251536.6761
688225.SH,亚信安全,473611.84,473611.84
688226.SH,威腾电气,540216.1035,520076.5025
688227.SH,品高股份,790030.4364,790030.4364
688228.SH,开普云,415977.8264,415977.8264
688229.SH,博睿数据,264668.4,264668.4
688230.SH,芯导科技,575181.6,575181.6
688231.SH,隆达股份,776897.2783,776897.2783
688232.SH,新点软件,554453.004,554453.004
688233.SH,神工股份,1747506.7877,1747506.7877
688234.SH,天岳先进,4435228.512,3932715.072
688235.SH,百济神州,37926227.6408,3028025.3854
688236.SH,春立医疗,527406.6875,396588.5
688237.SH,超卓航科,611720.922,611720.922
688238.SH,和元生物,358268.2584,357383.0712
688239.SH,航宇科技,776822.9625,776822.9625
688244.SH,永信至诚,206364.3705,206364.3705
688246.SH,嘉和美康,226603.4832,226603.4832
688247.SH,宣泰医药,378992.24,378992.24
688248.SH,南网科技,2353104.9,2353104.9
688249.SH,晶合集成,9115186.9113,8229118.3783
688251.SH,井松智能,191345.955,190016.0766
688252.SH,天德钰,673249.0598,673249.0598
688253.SH,英诺特,782865.2745,782865.2745
688255.SH,凯尔达,251467.0221,251467.0221
688256.SH,寒武纪,70871450.4,70871450.4
688257.SH,新锐股份,1949329.7271,1949329.7271
688258.SH,卓易信息,1152789.1752,1152789.1752
688259.SH,创耀科技,305499.5,305499.5
688260.SH,昀冢科技,885120.0,885120.0
688261.SH,东微半导,819638.5399,815971.5778
688262.SH,国芯科技,803039.761,803039.761
688265.SH,南模生物,250184.8715,250184.8715
688266.SH,泽璟制药,3483559.912,3483559.912
688267.SH,中触媒,432546.4248,432546.4248
688268.SH,华特气体,1868498.388,1868498.388
688269.SH,凯立新材,362442.192,362442.192
688270.SH,ST臻镭,1811464.3008,1811464.3008
688271.SH,联影医疗,9146505.484,9146505.484
688272.SH,富吉瑞,189240.0,189240.0
688273.SH,麦澜德,295400.0,295400.0
688275.SH,万润新能,977922.849,977922.849
688276.SH,百克生物,595253.2864,595253.2864
688277.SH,天智航,,
688278.SH,特宝生物,2350763.3305,2350763.3305
688279.SH,峰岹科技,1841710.4859,1496836.0419
688280.SH,精进电动,279174.8168,246217.3593
688281.SH,华秦科技,1737419.7917,1737419.7917
688282.SH,理工导航,452535.9319,452535.9319
688283.SH,坤恒顺维,304865.4,304865.4
688285.SH,高铁电气,258887.4512,258887.4512
688286.SH,敏芯股份,308476.8765,308476.8765
688288.SH,鸿泉技术,160700.057,160700.057
688289.SH,圣湘生物,860970.568,860970.568
688290.SH,景业智能,558466.7105,558466.7105
688291.SH,金橙子,374220.1215,374220.1215
688292.SH,浩瀚深度,249719.527,249719.527
688293.SH,奥浦迈,756757.5324,605891.6052
688295.SH,中复神鹰,3432600.0,3432600.0
688296.SH,和达科技,162163.732,162163.732
688297.SH,中无人机,2627775.0,2627775.0
688298.SH,东方生物,367113.6,367113.6
688299.SH,长阳科技,337111.8717,337111.8717
688300.SH,联瑞新材,2867688.2192,2867688.2192
688301.SH,奕瑞科技,2700648.7998,2700648.7998
688302.SH,海创药业,328830.8076,328830.8076
688303.SH,大全能源,3683318.1869,3683318.1869
688305.SH,科德数控,701234.994,699411.002
688306.SH,均普智能,1021931.2896,1021931.2896
688307.SH,中润光学,511551.2976,511551.2976
688308.SH,欧科亿,1372350.2331,1372350.2331
688309.SH,恒誉环保,526430.619,526430.619
688310.SH,迈得医疗,220194.964,220194.964
688311.SH,盟升电子,374378.766,374378.766
688312.SH,燕麦科技,607400.1,607400.1
688313.SH,仕佳光子,4528902.726,4528902.726
688314.SH,康拓医疗,249782.598,249782.598
688315.SH,诺禾致源,500272.4,500272.4
688316.SH,青云科技,207877.754,207877.754
688317.SH,之江生物,295206.9535,295206.9535
688318.SH,财富趋势,2323874.6713,2323874.6713
688319.SH,欧林生物,942576.6225,942576.6225
688320.SH,禾川科技,414532.6065,414532.6065
688321.SH,微芯生物,1203914.4534,1108422.6876
688322.SH,奥比中光,3629229.8477,2815439.0658
688323.SH,瑞华泰,473541.1829,473541.1829
688325.SH,赛微微电,938916.19,892208.6
688326.SH,经纬恒润,776081.9133,722315.6685
688327.SH,云从科技,1042055.2506,836537.5356
688328.SH,深科达,653354.2271,653354.2271
688329.SH,艾隆科技,125758.8,125758.8
688330.SH,宏力达,439600.0,439600.0
688331.SH,荣昌生物,6751150.9,4256518.552
688332.SH,中科蓝讯,1393434.7371,1393434.7371
688333.SH,铂力特,2291139.0144,2291139.0144
688334.SH,西高院,561928.6125,554103.7025
688335.SH,复洁科技,283190.1898,283190.1898
688336.SH,三生国健,3777590.061,3777590.061
688337.SH,普源精电,870989.2961,740507.411
688338.SH,赛科希德,278093.088,278093.088
688339.SH,亿华通,401688.607,326964.457
688343.SH,云天励飞,2254353.7146,2254353.7146
688345.SH,博力威,477781.087,475500.809
688347.SH,华虹宏力,48830111.84,11457775.0
688348.SH,昱能科技,475552.1282,475552.1282
688349.SH,三一重能,2308744.2987,2269406.5569
688350.SH,富淼科技,401084.88,401084.88
688351.SH,微电生理,907316.8,907316.8
688352.SH,颀中科技,1608301.0736,495393.8912
688353.SH,华盛锂电,1435340.5,1435340.5
688355.SH,明志科技,191636.1306,191636.1306
688356.SH,键凯科技,428193.942,428193.942
688357.SH,建龙微纳,246047.2941,246047.2941
688358.SH,祥生医疗,297132.84,296735.34
688359.SH,三孚新科,967594.7307,967594.7307
688360.SH,德马科技,366870.2687,366870.2687
688361.SH,中科飞测,12990707.73,12990707.73
688362.SH,甬矽电子,3102760.6911,3102760.6911
688363.SH,华熙生物,1791361.2258,1791361.2258
688365.SH,光云科技,570179.2733,570179.2733
688366.SH,昊海生科,692903.9016,587589.1532
688367.SH,工大高科,219674.8722,219674.8722
688368.SH,晶丰明源,2349134.5136,1425102.0672
688369.SH,致远互联,192183.7908,192183.7908
688370.SH,丛麟科技,282442.274,282442.274
688371.SH,菲沃泰,862835.0128,862835.0128
688372.SH,伟测科技,1988074.826,1988074.826
688373.SH,盟科药业,301208.8356,301208.8356
688375.SH,国博电子,4263890.5946,4263890.5946
688376.SH,美埃科技,887658.2197,887658.2197
688377.SH,迪威尔,446121.183,446121.183
688378.SH,奥来德,957077.6572,882156.7566
688379.SH,华光新材,445354.1865,422410.9095
688380.SH,中微半导,1439312.175,1439312.175
688381.SH,帝奥微,694732.5,694732.5
688382.SH,益方生物,1311616.696,1311616.696
688383.SH,新益昌,1023376.962,1023376.962
688385.SH,复旦微电,3980211.6576,2606329.0976
688386.SH,泛亚微透,522947.25,477750.0
688387.SH,信科移动,4088825.0,2412065.5312
688388.SH,嘉元科技,1565960.0229,1565960.0229
688389.SH,普门科技,449053.0136,449053.0136
688390.SH,固德威,1575437.688,1575437.688
688391.SH,钜泉科技,271530.0711,271530.0711
688392.SH,骄成超声,1626401.4702,1626401.4702
688393.SH,安必平,157568.0051,157568.0051
688395.SH,正弦电气,167133.561,167133.561
688396.SH,华润微,7447277.3949,7447277.3949
688398.SH,赛特新材,326230.8048,326230.8048
688399.SH,硕世生物,333537.5787,333537.5787
688400.SH,凌云光,1987206.4969,1910960.792
688401.SH,路维光电,1321554.0195,1244204.0325
688403.SH,汇成股份,2226526.1644,2226526.1644
688408.SH,中信博,562342.1653,562342.1653
688409.SH,富创精密,5541496.8476,5541496.8476
688410.SH,山外山,457284.5998,457284.5998
688411.SH,海博思创,3456972.9903,2511885.2621
688416.SH,恒烁股份,680727.217,680727.217
688418.SH,震有科技,660654.8326,660654.8326
688419.SH,耐科装备,427850.5995,427850.5995
688420.SH,美腾科技,171200.48,171200.48
688425.SH,铁建重工,2224068.249,2224068.249
688426.SH,康为世纪,176165.1342,175748.4216
688428.SH,诺诚健华,4819047.468,743169.3072
688429.SH,时创能源,363600.7272,363600.7272
688432.SH,有研硅,4999957.2981,4999957.2981
688433.SH,华曙高科,3054494.625,3054494.625
688435.SH,英方软件,227120.272,152451.104
688439.SH,振华风光,749800.0,749800.0
688443.SH,智翔金泰,841897.28,329223.44
688448.SH,磁谷科技,482718.555,482718.555
688449.SH,联芸科技,2404880.0,1532871.0348
688450.SH,光格科技,184008.0,136418.7916
688455.SH,科捷智能,233058.5809,233058.5809
688456.SH,有研粉材,742516.58,742516.58
688458.SH,美芯晟,364724.682,306502.332
688459.SH,哈铁科技,383040.0,383040.0
688466.SH,金科环境,146462.8858,146462.8858
688468.SH,科美诊断,229433.776,229433.776
688469.SH,芯联集成,6152892.4048,4308433.2
688472.SH,阿特斯,3486485.0757,3486485.0757
688475.SH,萤石网络,2271150.0,2271150.0
688478.SH,晶升股份,578923.7624,578923.7624
688479.SH,友车科技,547602.368,235346.368
688480.SH,赛恩斯,687206.5758,687206.5758
688484.SH,南芯科技,1436948.352,1436948.352
688485.SH,九州一轨,739286.8399,739286.8399
688486.SH,龙迅股份,785980.2672,785932.7394
688488.SH,艾迪药业,651371.7744,651371.7744
688489.SH,三未信安,356114.85,353382.54
688496.SH,*ST清越,48150.0,25460.1792
688498.SH,源杰科技,15263736.78,15066571.46
688499.SH,利元亨,571652.158,571652.158
688500.SH,慧辰股份,236152.6776,232843.2792
688501.SH,青达环保,203979.092,203979.092
688502.SH,茂莱光学,2069787.44,2069787.44
688503.SH,聚和材料,1580479.408,1580479.408
688505.SH,复旦张江,742185.6236,508769.6236
688506.SH,百利天恒,12675638.5338,12675638.5338
688507.SH,索辰科技,1297513.2368,716921.0277
688508.SH,芯朋微,874238.8206,874238.8206
688509.SH,正元地信,297220.0,148529.7892
688510.SH,航亚科技,520624.9678,520624.9678
688511.SH,天微电子,265484.3094,265484.3094
688512.SH,慧智微,523969.4328,359623.8924
688513.SH,苑东生物,833232.456,833232.456
688515.SH,裕太微,1129360.0,703300.4698
688516.SH,奥特维,1170909.06,1170909.06
688517.SH,金冠电气,198089.14,198089.14
688518.SH,联赢激光,603121.4517,603121.4517
688519.SH,南亚新材,5036623.4464,5036623.4464
688520.SH,神州细胞,1595849.0301,1511024.0301
688521.SH,芯原股份,10802826.1773,10802826.1773
688522.SH,纳睿雷达,775149.69,314753.266
688523.SH,航天环宇,1619382.4,1619382.4
688525.SH,佰维存储,9894412.4994,9894412.4994
688526.SH,科前生物,579863.3564,579863.3564
688528.SH,秦川物联,133728.0,133728.0
688529.SH,豪森智能,222833.2,222833.2
688530.SH,欧莱新材,756212.1525,329704.83
688531.SH,日联科技,1974044.8819,1368278.0748
688533.SH,上声电子,336243.7098,336243.7098
688535.SH,华海诚科,1418413.59,1321984.62
688536.SH,思瑞浦,3230966.7,3174186.6
688538.SH,和辉光电,3272836.7112,1363279.8609
688539.SH,高华科技,428917.44,428917.44
688543.SH,国科军工,911971.2456,911971.2456
688545.SH,兴福电子,2598840.0,1315662.75
688548.SH,广钢气体,4728724.224,2477293.056
688549.SH,中巨芯,3328302.828,1327735.707
688550.SH,瑞联新材,691947.633,691947.633
688551.SH,科威尔,397830.29,397830.29
688552.SH,航天南湖,846492.48,846492.48
688553.SH,汇宇制药,642800.2243,521111.8159
688556.SH,高测股份,654649.8332,654649.8332
688557.SH,兰剑智能,266090.565,266090.565
688558.SH,国盛智科,344124.0,344124.0
688559.SH,海目星,1061647.315,1061647.315
688560.SH,明冠新材,220828.1843,220828.1843
688561.SH,奇安信,1686528.6744,1686528.6744
688562.SH,航天软件,535600.0,535600.0
688563.SH,航材股份,2225678.0988,671342.9931
688565.SH,力源科技,148681.89,148681.89
688566.SH,吉贝尔,477616.3,477616.3
688567.SH,孚能科技,1162220.8089,1162220.8089
688568.SH,中科星图,2639185.6874,2639185.6874
688569.SH,铁科轨道,340226.7205,340226.7205
688570.SH,天玛智控,625252.0,271760.8
688571.SH,杭华股份,296495.3193,296495.3193
688573.SH,信宇人,140277.564,76365.247
688575.SH,亚辉龙,505678.6455,505678.6455
688576.SH,西山科技,245747.7456,117413.1105
688577.SH,浙海德曼,611637.8216,611637.8216
688578.SH,艾力斯,5235750.0,5235750.0
688579.SH,地纬智能,295207.38,295207.38
688580.SH,伟思医疗,468321.657,468321.657
688581.SH,安杰思,413796.0875,211038.7875
688582.SH,芯动联科,1443046.8472,1443046.8472
688583.SH,思看科技,914833.92,318778.5216
688584.SH,上海合晶,1849655.8092,948881.7528
688585.SH,上纬新材,5025080.0586,5025080.0586
688586.SH,江航装备,786591.1648,786591.1648
688588.SH,凌志软件,342038.77,342038.77
688589.SH,力合微,236158.8125,236158.8125
688590.SH,新致软件,361672.1712,325433.8832
688591.SH,泰凌微,632414.2902,443116.6586
688592.SH,司南导航,243211.3992,115872.537
688593.SH,新相微,1282546.5554,1282546.5554
688595.SH,芯海科技,374499.0065,374499.0065
688596.SH,正帆科技,1429814.9217,1429814.9217
688597.SH,煜邦电力,195923.1549,195923.1549
688598.SH,金博股份,539274.9138,528889.4088
688599.SH,天合光能,3050023.1454,3050023.1454
688600.SH,皖仪科技,302555.291,302555.291
688601.SH,力芯微,479020.9441,479020.9441
688602.SH,康鹏科技,317338.125,317338.125
688603.SH,天承科技,1169292.1875,1169292.1875
688605.SH,先锋精科,1379825.4764,738741.8906
688606.SH,奥泰生物,344634.0723,344634.0723
688607.SH,康众医疗,319555.754,287646.954
688608.SH,恒玄科技,2875796.04,2875796.04
688609.SH,九联科技,472367.3745,452500.0
688610.SH,埃科光电,971788.0,584967.7866
688611.SH,杭州柯林,826769.944,826769.944
688612.SH,威迈斯,1179582.369,722352.1116
688613.SH,奥精医疗,187153.7476,187153.7476
688615.SH,合合信息,1860040.0,1284360.467
688616.SH,西力科技,171485.6548,171485.6548
688617.SH,惠泰医疗,3014996.5476,3014996.5476
688618.SH,三旺通信,295478.343,295478.343
688619.SH,罗普特,224565.418,224565.418
688620.SH,安凯微,557424.0,557424.0
688621.SH,阳光诺和,645232.0,645232.0
688622.SH,*ST禾信,769412.7945,769412.7945
688623.SH,双元科技,521538.2979,216634.0404
688625.SH,呈和科技,1389217.915,1389217.915
688626.SH,翔宇医疗,736000.0,736000.0
688627.SH,精智达,4452828.6292,4452828.6292
688628.SH,优利德,672952.7196,672952.7196
688629.SH,华丰科技,6452552.522,6352480.784
688630.SH,芯碁微装,5537892.78,4979798.46
688631.SH,莱斯信息,641292.81,641292.81
688633.SH,星球石墨,373518.1152,373518.1152
688636.SH,智明达,300684.1656,300684.1656
688638.SH,誉辰智能,157920.0,74620.02
688639.SH,华恒生物,404186.9712,404186.9712
688646.SH,ST逸飞,564975.6,347910.0
688648.SH,中邮科技,397528.0,203232.9747
688651.SH,盛邦安全,210110.445,90381.015
688652.SH,京仪装备,2398872.0,1724189.25
688653.SH,康希通信,455891.52,339826.0584
688655.SH,迅捷兴,408040.01,408040.01
688656.SH,浩欧博,502940.2748,502940.2748
688657.SH,浩辰软件,261260.7814,163443.541
688658.SH,悦康药业,544500.0,544500.0
688659.SH,元琛科技,132800.0,132800.0
688660.SH,电气风电,1124000.0562,1124000.0562
688661.SH,和林微纳,1226190.2094,1226190.2094
688662.SH,富信科技,814524.4656,814524.4656
688663.SH,新风光,1045414.4,1045414.4
688665.SH,四方光电,418936.122,418936.122
688667.SH,菱电电控,442115.245,442115.245
688668.SH,鼎通科技,2813544.6612,2813544.6612
688669.SH,聚石化学,760759.791,760759.791
688670.SH,金迪克,165088.0,165088.0
688671.SH,碧兴物联,159393.367,95099.613
688676.SH,金盘科技,3087452.246,3087452.246
688677.SH,海泰新光,793585.74,793585.74
688678.SH,福立旺,638520.696,638520.696
688679.SH,通源环境,491334.2707,491334.2707
688680.SH,海优新材,328326.415,328326.415
688681.SH,科汇股份,150515.46,150515.46
688682.SH,霍莱沃,291055.5762,291055.5762
688683.SH,莱尔科技,463961.664,463961.664
688685.SH,迈信林,533952.7812,533952.7812
688686.SH,奥普特,1304741.727,1304741.727
688687.SH,凯因科技,264621.9312,264621.9312
688689.SH,银河微电,502106.22,502106.22
688690.SH,纳微科技,1359240.6168,1359240.6168
688691.SH,灿芯股份,741360.0,450777.77
688692.SH,达梦数据,2445870.76,1601883.3553
688693.SH,锴威特,430020.9912,227046.0784
688695.SH,中创股份,141780.6838,89010.2985
688696.SH,极米科技,429712.74,429712.74
688697.SH,纽威数控,813138.709,813138.709
688698.SH,伟创电气,972595.1636,972595.1636
688699.SH,明微电子,516973.4262,516973.4262
688700.SH,东威科技,1645982.1224,1645982.1224
688701.SH,卓锦股份,88623.084,88623.084
688702.SH,盛科通信,14801000.0,7328003.98
688707.SH,振华新材,514845.0824,514845.0824
688708.SH,佳驰科技,1846202.197,658049.84
688709.SH,成都华微,1604854.692,558800.676
688710.SH,益诺思,1092169.7359,702606.418
688711.SH,宏微科技,481624.055,481624.055
688716.SH,中研股份,304808.4,175167.636
688717.SH,艾罗能源,896800.0,555162.919
688718.SH,唯赛勃,207115.2448,207115.2448
688719.SH,爱科赛博,519003.5292,403570.9054
688720.SH,艾森股份,746252.23,475782.499
688721.SH,龙图光罩,512773.5,205433.9645
688722.SH,同益中,302766.1252,302766.1252
688726.SH,拉普拉斯,1571855.0036,852867.211
688727.SH,恒坤新材,1883098.4436,226432.1862
688728.SH,格科微,4015305.8648,4012534.3848
688729.SH,屹唐股份,7651944.84,4526185.8519
688733.SH,壹石通,500436.876,500436.876
688737.SH,中自科技,203498.779,203498.779
688739.SH,成大生物,808745.9,808745.9
688750.SH,金天钛业,646575.0,325619.7834
688755.SH,汉邦科技,260488.8,181857.6144
688757.SH,胜科纳米,1187752.073,533693.7835
688758.SH,赛分科技,969528.4248,694171.6536
688759.SH,必贝特,1044085.144,167040.0
688765.SH,禾元生物,1318817.5,265500.2812
688766.SH,普冉股份,4609662.8964,4609662.8964
688767.SH,博拓生物,551189.2103,551189.2103
688768.SH,容知日新,356002.2802,353068.121
688772.SH,珠海冠宇,1652781.9792,1652781.9792
688775.SH,影石创新,5104730.0,3301629.886
688776.SH,国光电气,499430.7072,499430.7072
688777.SH,中控技术,6273341.5455,6241701.6639
688778.SH,厦钨新能,2247389.4683,2247389.4683
688779.SH,五矿新能,1398684.5,1398684.5
688783.SH,西安奕材,11479465.4,764482.7
688786.SH,悦安新材,440200.56,440200.56
688787.SH,海天瑞声,568323.7092,568323.7092
688788.SH,科思科技,601986.55,601986.55
688789.SH,宏华数科,795830.6815,795830.6815
688790.SH,昂瑞微,870006.5897,110799.1678
688793.SH,倍轻松,138895.0654,138895.0654
688795.SH,摩尔线程,26476688.506,1702602.415
688796.SH,百奥赛图,6211887.76,536644.25
688798.SH,艾为电子,1230919.008,716724.096
688799.SH,华纳药厂,600431.041,600431.041
688800.SH,瑞可达,1552098.834,1552098.834
688802.SH,沐曦股份,30089520.5,1393443.363
688805.SH,健信超导,639363.84,127872.768
688807.SH,优迅股份,1854880.0,370976.0
688809.SH,强一股份,5783656.7113,1156733.1279
688819.SH,天能股份,2117233.8,2117233.8
688981.SH,中芯国际,117026218.02,27334019.375
920000.BJ,安徽凤凰,117350.4,73720.224
920001.BJ,纬达光电,173312.8053,100032.0778
920002.BJ,万达轴承,324317.8531,227044.1059
920003.BJ,中诚咨询,147587.4,31710.7982
920005.BJ,鼎佳精密,193805.0,50202.5
920006.BJ,晟楠科技,144098.3712,76284.1908
920007.BJ,酉立智能,152746.3035,36504.9755
920008.BJ,成电光信,116790.0,62413.8456
920009.BJ,丹娜生物,274900.57,35733.6
920010.BJ,凯添燃气,193931.5,143482.7244
920014.BJ,特瑞斯,109305.4985,60141.4263
920015.BJ,锦华新材,611134.5348,180376.0795
920016.BJ,中草香料,92378.3148,41084.6616
920017.BJ,星昊医药,199466.9524,197337.5664
920018.BJ,宏远股份,278087.7674,96584.7792
920019.BJ,铜冠矿建,288696.1791,230026.4694
920020.BJ,泰凯英,342366.29,84624.5713
920021.BJ,流金科技,192197.9894,153979.0066
920022.BJ,世昌股份,110689.035,30488.525
920023.BJ,*ST田野,56950.896,46772.6842
920026.BJ,卓兆点胶,192241.3249,144918.8352
920027.BJ,交大铁发,114084.7214,79830.2089
920029.BJ,开发科技,646691.0406,629265.025
920030.BJ,德众汽车,76722.2231,48251.3636
920033.BJ,康普化学,161070.858,111989.2088
920035.BJ,精创电气,158694.12,35974.3248
920037.BJ,广信科技,485814.3814,297024.4064
920039.BJ,国义招标,113826.8,113826.726
920045.BJ,蘅东光,2373069.4585,701674.0486
920046.BJ,亿能电力,213932.25,118285.6833
920047.BJ,诺思兰德,462422.5482,303659.4359
920050.BJ,爱伦医疗,177861.2898,47573.7668
920056.BJ,能之光,128174.2773,48394.0493
920057.BJ,百甲科技,84831.223,54537.1375
920058.BJ,华洋赛车,147539.6815,72628.4292
920060.BJ,万源通,318077.435,198372.377
920061.BJ,西磁科技,114184.27,63494.7772
920062.BJ,科润智控,137755.5822,96990.7054
920066.BJ,科拜尔,103016.6013,32572.3813
920068.BJ,天工股份,937508.0215,248366.0308
920075.BJ,柏星龙,93722.49,50796.1016
920076.BJ,国亮新材,143901.5047,45266.4481
920077.BJ,吉林碳谷,780285.2443,401844.2145
920080.BJ,奥美森,168822.0,46732.5758
920082.BJ,方正阀门,159541.648,44863.8653
920086.BJ,科马材料,171125.6,55975.9445
920087.BJ,秋乐种业,147854.0,146821.2819
920088.BJ,科力股份,418779.9825,154852.4237
920089.BJ,禾昌聚合,199394.0312,113569.888
920090.BJ,*ST同辉,68172.0727,50935.0152
920091.BJ,大鹏工业,184457.0652,43515.1002
920092.BJ,汉鑫科技,136761.5791,71237.0606
920098.BJ,科隆新材,134585.2107,91646.7239
920099.BJ,瑞华技术,178281.5943,110249.6901
920100.BJ,三协电机,325085.6809,86194.7152
920101.BJ,志高机械,203560.9395,63520.851
920106.BJ,林泰新材,194059.1115,149716.5797
920108.BJ,宏海科技,150502.8,63773.7261
920110.BJ,雷特科技,96252.0,40077.852
920111.BJ,聚星科技,381369.761,185058.2113
920112.BJ,巴兰仕,188638.52,55341.4109
920116.BJ,星图测控,1001885.115,1001885.115
920118.BJ,太湖远大,99543.675,60327.7675
920121.BJ,江天科技,179176.9123,32251.8471
920122.BJ,中纺标,201917.9744,81814.1771
920123.BJ,芭薇股份,117451.62,67005.4395
920124.BJ,南特科技,181900.8442,93659.0632
920128.BJ,胜业电气,138428.95,41431.5
920130.BJ,立方控股,134675.1246,83650.8737
920132.BJ,泰鹏智能,87752.028,29796.5573
920139.BJ,华岭股份,384048.0336,371012.2433
920145.BJ,恒合股份,65399.85,45267.4958
920146.BJ,华阳变速,63715.4891,51255.963
920149.BJ,旭杰科技,57897.7673,47893.1213
920152.BJ,昆工科技,147869.2691,110262.896
920158.BJ,长江能科,159090.764,42555.9425
920160.BJ,北矿检测,218856.96,49242.816
920163.BJ,方大新材,150637.6274,71058.0775
920167.BJ,同享科技,163719.432,97261.3523
920169.BJ,七丰精工,137036.9526,86227.3299
920171.BJ,志晟信息,161074.8086,108684.5919
920174.BJ,五新智能,575448.6758,148020.5004
920175.BJ,东方碳素,91749.0,61121.6881
920179.BJ,凯德石英,367667.9648,294889.8246
920184.BJ,国源科技,141870.4292,96249.1766
920185.BJ,贝特瑞,2327599.3639,2289295.1213
920190.BJ,雷神科技,241500.0024,240154.9682
920195.BJ,三祥科技,116067.52,83778.6382
920198.BJ,微创光电,119086.5375,52003.9102
920199.BJ,倍益康,205485.7581,114425.0198
920204.BJ,沪江材料,113333.932,60088.8731
920207.BJ,众诚科技,194439.255,118767.213
920208.BJ,青矩技术,223677.1524,193669.7783
920212.BJ,智新电子,96869.3,47112.8661
920221.BJ,易实精密,145583.55,75785.5421
920223.BJ,荣亿精密,169081.375,87800.8938
920225.BJ,利通科技,182001.694,118709.6088
920227.BJ,美登科技,176560.761,80334.3959
920230.BJ,欧康医药,96757.0427,45499.5813
920237.BJ,力佳科技,117364.6188,115143.37
920239.BJ,长虹能源,383266.1994,378647.3579
920242.BJ,建邦科技,122948.8785,68816.6498
920245.BJ,威博液压,84200.2308,64843.909
920247.BJ,华密新材,256355.8666,185966.4707
920249.BJ,利尔达,363445.06,107465.1745
920252.BJ,天宏锂电,155721.0588,103506.7896
920260.BJ,中寰股份,77144.75,73725.7282
920261.BJ,一诺威,375270.1122,206557.3479
920262.BJ,太湖雪,107237.5694,49853.5532
920263.BJ,中航泰达,96751.3838,70246.1965
920266.BJ,生物谷,88660.005,84720.6768
920267.BJ,鑫汇科,80815.9656,46255.3357
920270.BJ,天铭科技,119576.088,92905.4026
920271.BJ,邦德股份,117740.7,52101.3879
920273.BJ,一致魔芋,163933.3053,109043.4871
920274.BJ,宏裕包材,115086.6676,115086.6676
920275.BJ,驱动力,97220.336,80467.8578
920278.BJ,鹿得医疗,106270.5,45095.232
920284.BJ,灵鸽科技,176039.8836,112661.9777
920299.BJ,灿能电力,139579.2685,70347.471
920300.BJ,辰光医疗,79580.2858,61674.8451
920304.BJ,迪尔化工,144615.914,116395.2893
920305.BJ,云创退,7545.4391,4622.7499
920339.BJ,恒太照明,239141.3268,164178.3686
920344.BJ,三元基因,222303.25,207553.8902
920346.BJ,威贸电子,116221.1214,64669.5842
920351.BJ,华光源海,94638.0969,42828.3655
920357.BJ,雅葆轩,154594.44,93489.4818
920363.BJ,莱赛激光,122409.714,69595.7398
920367.BJ,新赣江,164539.8225,97506.7661
920368.BJ,连城数控,535299.4032,509281.3975
920370.BJ,新安洁,78073.6692,68220.412
920371.BJ,欧福蛋业,137032.1725,129938.0059
920374.BJ,云里物里,120858.5868,49313.9419
920375.BJ,派诺科技,111196.3501,66435.2267
920378.BJ,泰德股份,108868.2,77967.5848
920392.BJ,佳合科技,100980.8433,47464.5483
920394.BJ,民士达,665876.25,660971.813
920395.BJ,朗鸿科技,102232.4217,70408.9761
920396.BJ,常辅股份,133103.5536,94562.0318
920402.BJ,硅烷科技,365926.0781,236581.1312
920403.BJ,康农种业,191379.3762,113820.1444
920405.BJ,海希通讯,228451.2537,177930.3623
920407.BJ,驰诚股份,114662.1736,46680.4064
920414.BJ,欧普泰,60768.1063,42731.1213
920415.BJ,恒拓开源,118732.2065,91455.4848
920418.BJ,苏轴股份,285169.248,275392.0588
920419.BJ,路斯股份,100000.5952,93597.1532
920422.BJ,润普食品,78307.1984,58607.0984
920425.BJ,乐创技术,137974.2988,113571.1053
920427.BJ,华维设计,84022.425,41490.0314
920429.BJ,康比特,106426.98,97042.8343
920433.BJ,大唐药业,118746.732,78562.8077
920436.BJ,大地电气,95402.9314,89612.7138
920438.BJ,戈碧迦,1836243.771,1771837.7696
920445.BJ,龙竹科技,86670.6896,63184.7566
920454.BJ,同心传动,108883.6,51002.798
920455.BJ,汇隆活塞,97597.5,53521.2931
920469.BJ,富恒新材,74137.596,54413.7332
920471.BJ,美邦科技,88524.8,56424.5658
920475.BJ,三友科技,109447.98,60862.8954
920476.BJ,海能技术,178025.782,168516.6645
920478.BJ,峆一药业,107216.9911,65195.0778
920489.BJ,佳先股份,180126.144,114609.6983
920491.BJ,奥迪威,318419.0141,261296.5662
920493.BJ,并行科技,652467.6554,480739.79
920496.BJ,许昌智能,100338.45,87869.0498
920504.BJ,博迅生物,71239.6164,28099.0918
920505.BJ,九菱科技,151597.9881,84265.5668
920508.BJ,殷图网联,89760.0,47731.2638
920509.BJ,同惠电子,319008.335,167131.1689
920510.BJ,丰光精密,361754.0836,184605.5873
920519.BJ,万德股份,87472.9419,77779.9432
920522.BJ,纳科诺尔,431440.6817,357859.6165
920523.BJ,德瑞锂电,148203.9028,118560.8061
920526.BJ,凯华材料,150514.0,95308.8245
920527.BJ,夜光明,77755.2965,60291.6996
920533.BJ,骏创科技,220064.583,123089.7948
920541.BJ,铁大科技,125627.3,82763.9306
920547.BJ,无锡晶海,133079.544,64691.2737
920553.BJ,凯腾精工,90381.2993,59002.3292
920556.BJ,雅达股份,103564.3584,75148.677
920564.BJ,天润科技,145951.7309,67142.7611
920566.BJ,梓橦宫,136949.8622,106504.5398
920570.BJ,坤博精工,120457.7402,61203.2091
920571.BJ,国航远洋,443770.5549,236571.3173
920575.BJ,*ST康乐,102543.1,68561.1182
920576.BJ,天力复合,436453.7,432127.8369
920578.BJ,巨能股份,120072.1823,55736.5998
920579.BJ,机科股份,182307.84,62760.7834
920580.BJ,科创新材,88064.0,56077.3878
920592.BJ,华信永道,163690.67,101878.8505
920593.BJ,鼎智科技,454687.6341,386248.562
920599.BJ,同力股份,750215.55,568631.5892
920608.BJ,丰安股份,80165.12,62105.9277
920627.BJ,力王股份,127979.75,63437.7125
920634.BJ,新威凌,101742.7555,64520.1382
920639.BJ,晨光电缆,120355.2,70895.9195
920640.BJ,富士达,473074.56,455158.1311
920641.BJ,格利尔,89864.775,54247.2177
920642.BJ,通易航天,102011.5536,98357.568
920651.BJ,天罡股份,139080.0,94545.6104
920656.BJ,海昇药业,134300.0,43481.3454
920662.BJ,方盛股份,160216.5037,49421.1301
920663.BJ,明阳科技,157458.4093,75546.2171
920665.BJ,科强股份,106461.81,52564.3283
920670.BJ,数字人,128162.1568,80426.7649
920675.BJ,秉扬科技,118620.996,54443.3124
920679.BJ,前进科技,81485.15,54238.325
920682.BJ,球冠电缆,217661.184,126225.9934
920685.BJ,新芝生物,,
920689.BJ,克莱特,139606.8,72144.0335
920690.BJ,捷众科技,155831.52,101300.0776
920693.BJ,阿为特,170481.5,85850.45
920694.BJ,中裕科技,173828.4344,82237.4204
920699.BJ,海达尔,408483.3109,186896.5609
920701.BJ,豪声电子,163954.0,119747.6518
920703.BJ,广厦环能,138666.08,70163.9352
920706.BJ,铁拓机械,131879.7115,66454.5868
920717.BJ,瑞星股份,95069.72,36708.12
920718.BJ,合肥高科,86768.0319,44510.136
920719.BJ,宁新新材,69913.1434,55831.3392
920720.BJ,吉冈精密,237342.6406,66319.387
920725.BJ,惠丰钻石,631440.45,305641.9788
920726.BJ,朱老六,150445.35,83031.4807
920729.BJ,永顺生物,172179.0,48829.4358
920735.BJ,德源药业,289195.6469,255771.9499
920748.BJ,路桥信息,161537.7,77539.8516
920751.BJ,惠同新材,141711.74,135648.6151
920753.BJ,天纺标,121292.5083,48737.3785
920765.BJ,美之高,105520.9735,64107.8243
920768.BJ,拾比佰,99118.404,68514.5118
920770.BJ,艾能聚,129091.1176,81238.6496
920779.BJ,武汉蓝电,163405.5623,40860.8241
920781.BJ,瑞奇智造,80838.5692,62951.5686
920786.BJ,骑士乳业,126268.012,83383.0788
920790.BJ,联迪信息,161882.391,111427.6639
920792.BJ,东和新材,156600.84,96138.5157
920799.BJ,艾融软件,580378.485,333194.0308
920802.BJ,保丽洁,82008.29,36217.642
920806.BJ,云星宇,292015.3037,292015.3037
920807.BJ,奔朗新材,157144.32,106747.9966
920808.BJ,曙光数创,1249400.0062,1215492.4022
920809.BJ,安达科技,455877.05,350087.8891
920810.BJ,春光智能,73459.4,47804.1795
920819.BJ,颖泰生物,322385.4,318657.375
920821.BJ,则成电子,233831.6093,123122.2832
920826.BJ,盖世食品,103138.6075,45856.2632
920832.BJ,齐鲁华信,81315.6249,72585.2258
920833.BJ,美心翼申,93664.272,70801.882
920834.BJ,三维装备,95280.004,49860.3726
920837.BJ,华原股份,140030.9024,126255.1274
920839.BJ,万通液压,277320.592,152965.2902
920855.BJ,浙江大农,86765.3996,77829.8537
920856.BJ,浩淼科技,100263.4659,55925.279
920857.BJ,泓禧科技,127662.3372,127662.3372
920866.BJ,绿亨科技,99473.6568,62989.989
920870.BJ,恒进感应,143380.0,70623.103
920871.BJ,派特尔,85875.5279,47578.2581
920873.BJ,中设咨询,101388.8083,79192.0271
920876.BJ,慧为智能,98838.2149,60442.3035
920879.BJ,基康技术,244457.3466,182928.145
920885.BJ,星辰科技,187560.2502,97176.5092
920892.BJ,广咨国际,173417.6774,153567.8908
920895.BJ,花溪科技,63589.5,32329.0125
920896.BJ,旺成科技,115800.5306,50795.6706
920906.BJ,舜宇精工,104016.97,53402.5125
920914.BJ,远航精密,180924.645,180781.7138
920924.BJ,广脉科技,141202.194,86029.7376
920925.BJ,锦好医疗,117705.2877,66022.2933
920926.BJ,鸿智科技,93398.356,84752.7746
920931.BJ,无锡鼎邦,87542.76,26819.0456
920932.BJ,科达自控,114621.1808,94866.6107
920942.BJ,恒立钻具,97985.6892,66346.8524
920943.BJ,优机股份,135835.6038,69318.8806
920946.BJ,森萱医药,384653.4243,384535.1681
920950.BJ,迅安科技,88717.2,43221.321
920953.BJ,国子软件,273783.8706,127975.8542
920957.BJ,汉维科技,97644.2139,38861.3079
920961.BJ,创远信科,258398.479,188046.1832
920964.BJ,润农节水,111274.608,62919.023
920970.BJ,大禹生物,64375.2648,40711.4253
920971.BJ,天马新材,252330.3409,208000.7005
920974.BJ,凯大催化,95004.0,74502.0405
920976.BJ,视声智能,109268.236,67944.184
920978.BJ,开特股份,337373.349,189152.0926
920981.BJ,晶赛科技,213192.784,107233.9992
920982.BJ,锦波生物,1429456.7188,689043.0118
920985.BJ,海泰新能,139883.2424,99131.6723
920992.BJ,中科美菱,108822.3008,55144.4434
689009.SH,九号公司,2937507.212,2244427.7089
001220.SZ,世盟股份,262657.34,64344.0756
001237.SZ,惠康科技,787597.5826,185050.504
001257.SZ,盛龙股份,4353039.3468,324703.708
001312.SZ,福恩股份,406933.4496,99687.5632
001365.SZ,天海电子,1866900.0,204489.9136
001393.SZ,维通利,1072881.6202,206716.9806
301513.SZ,尚水智能,470400.0,94780.896
301531.SZ,春光集团,1020441.9096,217727.9028
301599.SZ,理奇智能,1432480.4,181550.9595
301666.SZ,大普微,19135064.2158,1163164.0158
301669.SZ,高特电子,1455840.0,248364.7875
301680.SZ,固德电材,725824.8,147290.715
301682.SZ,宏明电子,1412038.2181,298403.5556
301683.SZ,慧谷新材,599922.3325,135595.4785
301696.SZ,三瑞智能,3813295.33,286785.0522
601112.SH,振石股份,2608809.2336,265697.6001
603284.SH,林平发展,290346.98,71122.59
603293.SH,埃泰克,622698.0162,122030.5305
603407.SH,长裕集团,2328967.392,205057.52
603435.SH,嘉德利,2153495.575,167374.375
603459.SH,红板科技,6674488.128,700004.5745
688635.SH,长进光子,2146167.04,406836.928
688712.SH,北芯生命,1404039.0,124965.1949
688781.SH,视涯科技,3430000.0,140064.393
688785.SH,恒运昌,1776557.6856,355418.6004
688808.SH,联讯仪器,18993321.0,3569778.5
688811.SH,有研复材,1009367.2832,185357.7132
688813.SH,泰金新能,1616640.0,303898.008
688816.SH,易思维,466500.0,89960.793
688818.SH,电科蓝天,7762312.9091,589980.8447
688820.SH,盛合晶微,23936647.185,2221798.41
920011.BJ,晨光电机,156074.6673,35116.8019
920012.BJ,创达新材,223309.0966,87379.1253
920028.BJ,新恒泰,223200.88,88215.1368
920036.BJ,觅睿科技,155265.4724,37263.8233
920055.BJ,隆源股份,189516.0,42641.1
920069.BJ,普昂医疗,176468.19,49283.7462
920078.BJ,族兴新材,223200.0,72517.308
920083.BJ,金戈新材,327440.4306,139469.1783
920096.BJ,嘉晨智能,236808.0,55598.4
920119.BJ,美德乐,448318.2241,117959.5801
920125.BJ,鸿仕达,620006.4,181956.1906
920126.BJ,永大股份,192034.56,46097.376
920156.BJ,海昌智能,410128.68,85507.812
920159.BJ,农大科技,203680.0,38592.0
920161.BJ,龙辰科技,323665.5796,87819.2392
920166.BJ,海圣医疗,142080.0007,44844.0021
920168.BJ,通宝光电,117947.0646,44205.8125
920177.BJ,恒道科技,126614.4,44838.9845
920178.BJ,锐翔智能,595618.6134,173932.3481
920180.BJ,爱得科技,133242.7959,40235.1667
920181.BJ,赛英电子,292766.4,67905.54
920183.BJ,海菲曼,139415.296,32039.5073
920186.BJ,中科仪,1673421.1116,875258.2547
920187.BJ,通领科技,173359.68,63602.1277
920188.BJ,悦龙科技,177439.4573,42319.3133
920191.BJ,瑞尔竞达,153092.2302,34446.645
920200.BJ,振宏股份,286703.88,125253.687
920206.BJ,彩客科技,250411.7945,96337.8605
920211.BJ,新睿电子,356212.0,120083.5282
920218.BJ,新天力,159241.108,35829.5893
920220.BJ,朗信电气,269459.4863,84394.8566
688797.SH,臻宝科技,5005782.8205,941026.6845
001399.SZ,惠科股份,18054843.0478,1065222.0158
920072.BJ,科莱瑞迪,216165.2,40820.23
001248.SZ,华润新能源,18558884.0323,1516050.2226
920193.BJ,吉和昌,367948.294,83286.0
920222.BJ,益坤电气,245293.2944,33115.2578
301583.SZ,托伦斯,3247644.487,539857.814
920136.BJ,永励精密,169200.0,44415.0
920189.BJ,康美特,315344.3,189254.302
920081.BJ,欧伦电气,293304.0,69084.0
688806.SH,泰诺麦博,1201565.0358,133126.0513
920117.BJ,龙鑫智能,257571.3144,57953.5466
920079.BJ,乔路铭,715637.5776,77355.0
688825.SH,C长鑫,314340164.67,21164283.3
920176.BJ,维琪科技,638364.33,86232.897
920238.BJ,长鹰硬科,673620.1918,137265.2937
